2026-05-26T13:30:43+03:00 chrome-trim term pid=1668169 count=18 rss_kb=2600792
2026-05-26T13:30:48+03:00 degraded count=1 reason=starvation-signals-16, pid=1666623 rss_kb=934444 app_servers=4 health_ms=2 signals=16
2026-05-26T13:31:07+03:00 recovered pid=1666623 rss_kb=936032 app_servers=4 health_ms=2 signals=3
2026-05-26T13:32:32+03:00 chrome-trim term pid=1669121 count=18 rss_kb=2777448
2026-05-26T13:32:37+03:00 degraded count=1 reason=starvation-signals-4, pid=1666623 rss_kb=880352 app_servers=4 health_ms=3 signals=4
2026-05-26T13:33:00+03:00 health-fail count=1 pid=1666623 http=000 ms=6006
2026-05-26T13:33:16+03:00 degraded count=2 reason=starvation-signals-6, pid=1666623 rss_kb=903040 app_servers=4 health_ms=4 signals=6
2026-05-26T13:33:16+03:00 restart-gateway reason=degraded:starvation-signals-6,
2026-05-26T13:35:15+03:00 degraded count=1 reason=starvation-signals-4, pid=1670078 rss_kb=1023964 app_servers=0 health_ms=1002 signals=4
2026-05-26T13:37:40+03:00 health-fail count=1 pid=1670078 http=000 ms=6006
2026-05-26T13:39:40+03:00 degraded count=2 reason=starvation-signals-5, pid=1670078 rss_kb=1328712 app_servers=4 health_ms=1521 signals=5
2026-05-26T13:39:40+03:00 restart-gateway reason=degraded:starvation-signals-5,
2026-05-26T13:40:05+03:00 post-restart health=000 0
2026-05-26T13:51:20+03:00 health-fail count=1 pid=1671276 http=000 ms=6006
2026-05-26T13:53:36+03:00 degraded count=1 reason=starvation-signals-4, pid=1671276 rss_kb=942224 app_servers=2 health_ms=1599 signals=4
2026-05-26T13:55:54+03:00 degraded count=2 reason=starvation-signals-5, pid=1671276 rss_kb=937560 app_servers=2 health_ms=2 signals=5
2026-05-26T13:55:54+03:00 restart-gateway reason=degraded:starvation-signals-5,
2026-05-26T13:56:23+03:00 post-restart health=000 0
2026-05-26T14:00:40+03:00 health-fail count=1 pid=1672548 http=000 ms=6006
2026-05-26T14:02:57+03:00 degraded count=1 reason=starvation-signals-3, pid=1672548 rss_kb=1335656 app_servers=4 health_ms=2316 signals=3
2026-05-26T14:05:14+03:00 recovered pid=1672548 rss_kb=1014472 app_servers=4 health_ms=2 signals=1
2026-05-26T15:06:00+03:00 health-fail count=1 pid=1672548 http=000 ms=6006
2026-05-26T15:08:15+03:00 degraded count=1 reason=starvation-signals-6, pid=1672548 rss_kb=911868 app_servers=6 health_ms=154 signals=6
2026-05-26T15:10:34+03:00 degraded count=2 reason=starvation-signals-6, pid=1672548 rss_kb=947396 app_servers=6 health_ms=2 signals=6
2026-05-26T15:10:35+03:00 restart-gateway reason=degraded:starvation-signals-6,
2026-05-26T15:10:48+03:00 post-restart health=000 0
2026-05-26T15:20:00+03:00 health-fail count=1 pid=1676808 http=000 ms=6006
2026-05-26T15:22:14+03:00 degraded count=1 reason=starvation-signals-3, pid=1676808 rss_kb=907264 app_servers=2 health_ms=3 signals=3
2026-05-26T15:24:34+03:00 degraded count=2 reason=starvation-signals-3, pid=1676808 rss_kb=918116 app_servers=2 health_ms=2 signals=3
2026-05-26T15:24:34+03:00 restart-gateway reason=degraded:starvation-signals-3,
2026-05-26T15:25:13+03:00 post-restart health=000 0
2026-05-26T15:27:00+03:00 health-fail count=1 pid=1678048 http=000 ms=6006
2026-05-26T15:29:14+03:00 degraded count=1 reason=starvation-signals-7, pid=1678048 rss_kb=1494392 app_servers=2 health_ms=2 signals=7
2026-05-26T15:29:58+03:00 observed reason=starvation-signals-3, pid=1678048 rss_kb=1475132 app_servers=2 health_ms=2 signals=3
2026-05-26T15:31:34+03:00 observed reason=starvation-signals-4, pid=1678048 rss_kb=1491396 app_servers=2 health_ms=3 signals=4
2026-05-26T15:33:54+03:00 observed reason=starvation-signals-3, pid=1678048 rss_kb=1497808 app_servers=2 health_ms=3 signals=3
2026-05-26T15:40:54+03:00 observed reason=starvation-signals-3, pid=1678048 rss_kb=1519896 app_servers=2 health_ms=2 signals=3
2026-05-26T15:43:15+03:00 observed reason=starvation-signals-4, pid=1678048 rss_kb=952136 app_servers=2 health_ms=703 signals=4
2026-05-26T15:45:35+03:00 observed reason=starvation-signals-4, pid=1678048 rss_kb=1045800 app_servers=2 health_ms=976 signals=4
2026-05-26T15:47:54+03:00 observed reason=starvation-signals-3, pid=1678048 rss_kb=891708 app_servers=2 health_ms=2 signals=3
2026-05-26T15:52:35+03:00 observed reason=starvation-signals-5, pid=1678048 rss_kb=937324 app_servers=4 health_ms=422 signals=5
2026-05-26T15:56:54+03:00 chrome-trim term pid=1681426 count=16 rss_kb=1953136
2026-05-26T15:59:14+03:00 chrome-trim term pid=1682468 count=17 rss_kb=2063256
2026-05-26T16:01:34+03:00 chrome-trim term pid=1683058 count=17 rss_kb=2035104
2026-05-26T16:01:46+03:00 health-fail count=1 pid=1678048 http=000 ms=6001
2026-05-26T16:03:54+03:00 chrome-trim term pid=1683620 count=16 rss_kb=2059520
2026-05-26T16:06:20+03:00 health-fail count=1 pid=1678048 http=000 ms=6006
2026-05-26T16:15:36+03:00 observed reason=starvation-signals-4, pid=1678048 rss_kb=943408 app_servers=6 health_ms=1607 signals=4
2026-05-26T16:17:54+03:00 chrome-trim term pid=1685201 count=17 rss_kb=2153032
2026-05-26T16:18:00+03:00 observed reason=starvation-signals-5, pid=1678048 rss_kb=947656 app_servers=6 health_ms=569 signals=5
2026-05-26T16:20:14+03:00 chrome-trim term pid=1686039 count=18 rss_kb=2719072
2026-05-26T16:22:34+03:00 chrome-trim term pid=1686603 count=16 rss_kb=1874552
2026-05-26T16:24:54+03:00 chrome-trim term pid=1687085 count=17 rss_kb=2101188
2026-05-26T16:25:00+03:00 observed reason=starvation-signals-3, pid=1678048 rss_kb=948768 app_servers=6 health_ms=902 signals=3
2026-05-26T16:27:14+03:00 chrome-trim term pid=1687679 count=17 rss_kb=2202452
2026-05-26T16:27:20+03:00 observed reason=starvation-signals-4, pid=1678048 rss_kb=948752 app_servers=6 health_ms=279 signals=4
2026-05-26T16:29:34+03:00 chrome-trim term pid=1688260 count=17 rss_kb=2194008
2026-05-26T16:29:40+03:00 observed reason=starvation-signals-4, pid=1678048 rss_kb=948816 app_servers=6 health_ms=2 signals=4
2026-05-26T16:34:07+03:00 observed reason=starvation-signals-4, pid=1678048 rss_kb=951076 app_servers=6 health_ms=3 signals=4
2026-05-26T16:38:45+03:00 chrome-trim term pid=1689032 count=11 rss_kb=2342220
2026-05-26T16:38:51+03:00 observed reason=starvation-signals-3, pid=1678048 rss_kb=950300 app_servers=6 health_ms=2 signals=3
2026-05-26T16:40:55+03:00 observed reason=starvation-signals-3, pid=1678048 rss_kb=952184 app_servers=6 health_ms=3 signals=3
2026-05-26T16:43:16+03:00 observed reason=starvation-signals-4, pid=1678048 rss_kb=951456 app_servers=6 health_ms=1057 signals=4
2026-05-26T16:45:37+03:00 observed reason=starvation-signals-3, pid=1678048 rss_kb=951588 app_servers=6 health_ms=665 signals=3
2026-05-26T16:47:55+03:00 observed reason=starvation-signals-3, pid=1678048 rss_kb=952844 app_servers=6 health_ms=12 signals=3
2026-05-26T16:50:15+03:00 observed reason=starvation-signals-3, pid=1678048 rss_kb=952656 app_servers=6 health_ms=3 signals=3
2026-05-26T16:52:34+03:00 chrome-trim term pid=1690030 count=11 rss_kb=1914996
2026-05-26T16:52:40+03:00 observed reason=starvation-signals-3, pid=1678048 rss_kb=970176 app_servers=6 health_ms=2 signals=3
2026-05-26T16:54:54+03:00 observed reason=starvation-signals-3, pid=1678048 rss_kb=953220 app_servers=6 health_ms=2 signals=3
2026-05-26T16:57:20+03:00 health-fail count=1 pid=1678048 http=000 ms=6006
2026-05-26T16:59:36+03:00 observed reason=starvation-signals-6, pid=1678048 rss_kb=948504 app_servers=6 health_ms=1073 signals=6
2026-05-26T17:01:54+03:00 observed reason=starvation-signals-3, pid=1678048 rss_kb=951484 app_servers=6 health_ms=4 signals=3
2026-05-26T17:04:15+03:00 observed reason=starvation-signals-3, pid=1678048 rss_kb=951268 app_servers=6 health_ms=237 signals=3
2026-05-26T17:06:36+03:00 observed reason=starvation-signals-3, pid=1678048 rss_kb=950844 app_servers=6 health_ms=1012 signals=3
2026-05-26T17:08:55+03:00 observed reason=starvation-signals-3, pid=1678048 rss_kb=968532 app_servers=6 health_ms=387 signals=3
2026-05-26T17:11:15+03:00 observed reason=starvation-signals-3, pid=1678048 rss_kb=951836 app_servers=6 health_ms=64 signals=3
2026-05-26T17:13:35+03:00 observed reason=starvation-signals-3, pid=1678048 rss_kb=951916 app_servers=6 health_ms=86 signals=3
2026-05-26T17:15:55+03:00 observed reason=starvation-signals-3, pid=1678048 rss_kb=969568 app_servers=6 health_ms=328 signals=3
2026-05-26T17:18:14+03:00 chrome-trim term pid=1695121 count=16 rss_kb=2097912
2026-05-26T17:18:20+03:00 observed reason=starvation-signals-3, pid=1678048 rss_kb=951512 app_servers=6 health_ms=3 signals=3
2026-05-26T17:20:35+03:00 chrome-trim term pid=1695514 count=18 rss_kb=2864000
2026-05-26T17:20:44+03:00 degraded count=1 reason=slow-health-3444ms, pid=1678048 rss_kb=924416 app_servers=6 health_ms=3444 signals=2
2026-05-26T17:22:54+03:00 recovered pid=1678048 rss_kb=944524 app_servers=6 health_ms=3 signals=2
2026-05-26T17:25:14+03:00 chrome-trim term pid=1696351 count=18 rss_kb=2866396
2026-05-26T17:25:21+03:00 observed reason=starvation-signals-3, pid=1678048 rss_kb=971588 app_servers=6 health_ms=710 signals=3
2026-05-26T17:27:34+03:00 chrome-trim term pid=1696938 count=18 rss_kb=2433532
2026-05-26T17:27:40+03:00 observed reason=starvation-signals-4, pid=1678048 rss_kb=924072 app_servers=6 health_ms=412 signals=4
2026-05-26T17:29:54+03:00 chrome-trim term pid=1697499 count=18 rss_kb=2765148
2026-05-26T17:30:00+03:00 chrome-trim kill pid=1697499
2026-05-26T17:30:01+03:00 observed reason=starvation-signals-4, pid=1678048 rss_kb=954948 app_servers=6 health_ms=956 signals=4
2026-05-26T17:32:14+03:00 chrome-trim term pid=1698376 count=18 rss_kb=2597572
2026-05-26T17:32:20+03:00 observed reason=starvation-signals-5, pid=1678048 rss_kb=922728 app_servers=6 health_ms=3 signals=5
2026-05-26T17:34:34+03:00 chrome-trim term pid=1698846 count=19 rss_kb=3251676
2026-05-26T17:34:40+03:00 chrome-trim kill pid=1698846
2026-05-26T17:34:41+03:00 observed reason=starvation-signals-3, pid=1678048 rss_kb=981876 app_servers=6 health_ms=330 signals=3
2026-05-26T17:36:54+03:00 chrome-trim term pid=1699666 count=19 rss_kb=2905280
2026-05-26T17:37:00+03:00 observed reason=starvation-signals-3, pid=1678048 rss_kb=932828 app_servers=6 health_ms=4 signals=3
2026-05-26T17:39:14+03:00 chrome-trim term pid=1700238 count=18 rss_kb=2639580
2026-05-26T17:39:19+03:00 chrome-trim kill pid=1700238
2026-05-26T17:39:23+03:00 degraded count=1 reason=slow-health-3709ms,starvation-signals-4, pid=1678048 rss_kb=964232 app_servers=6 health_ms=3709 signals=4
2026-05-26T17:41:36+03:00 chrome-trim term pid=1701057 count=19 rss_kb=3745088
2026-05-26T17:41:46+03:00 recovered pid=1678048 rss_kb=966796 app_servers=6 health_ms=2833 signals=1
2026-05-26T17:43:55+03:00 chrome-trim term pid=1701555 count=19 rss_kb=3284728
2026-05-26T17:44:05+03:00 degraded count=1 reason=slow-health-3616ms,starvation-signals-3, pid=1678048 rss_kb=983276 app_servers=6 health_ms=3616 signals=3
2026-05-26T17:46:15+03:00 chrome-trim term pid=1702545 count=18 rss_kb=2622380
2026-05-26T17:46:23+03:00 observed reason=starvation-signals-3, pid=1678048 rss_kb=981860 app_servers=6 health_ms=1944 signals=3
2026-05-26T17:48:34+03:00 chrome-trim term pid=1703280 count=19 rss_kb=2926756
2026-05-26T17:48:40+03:00 observed reason=starvation-signals-3, pid=1678048 rss_kb=1060868 app_servers=6 health_ms=45 signals=3
2026-05-26T17:50:55+03:00 chrome-trim term pid=1703974 count=19 rss_kb=2923716
2026-05-26T17:51:06+03:00 observed reason=starvation-signals-3, pid=1678048 rss_kb=957372 app_servers=6 health_ms=1987 signals=3
2026-05-26T17:53:15+03:00 chrome-trim term pid=1704568 count=21 rss_kb=3335700
2026-05-26T17:53:20+03:00 chrome-trim kill pid=1704568
2026-05-26T17:53:20+03:00 observed reason=starvation-signals-3, pid=1678048 rss_kb=1023072 app_servers=6 health_ms=105 signals=3
2026-05-26T17:55:17+03:00 chrome-trim term pid=1705342 count=20 rss_kb=3473112
2026-05-26T17:55:23+03:00 observed reason=starvation-signals-3, pid=1678048 rss_kb=968556 app_servers=6 health_ms=6 signals=3
2026-05-26T17:57:34+03:00 chrome-trim term pid=1706108 count=19 rss_kb=3064192
2026-05-26T17:57:40+03:00 observed reason=starvation-signals-5, pid=1678048 rss_kb=937008 app_servers=6 health_ms=2 signals=5
2026-05-26T17:59:54+03:00 chrome-trim term pid=1706795 count=21 rss_kb=3662396
2026-05-26T18:00:06+03:00 health-fail count=1 pid=1678048 http=000 ms=6013
2026-05-26T18:02:16+03:00 chrome-trim term pid=1707480 count=19 rss_kb=3478816
2026-05-26T18:02:27+03:00 health-fail count=2 pid=1678048 http=000 ms=6006
2026-05-26T18:02:27+03:00 restart-gateway reason=health-failures:2:http-000
2026-05-26T18:03:06+03:00 post-restart health=000 1
2026-05-26T18:06:22+03:00 health-fail count=1 pid=1708394 http=000 ms=6043
2026-05-26T18:08:20+03:00 observed reason=starvation-signals-6, pid=1708394 rss_kb=1002868 app_servers=2 health_ms=1764 signals=6
2026-05-26T18:10:24+03:00 health-fail count=1 pid=1708394 http=000 ms=6006
2026-05-26T18:12:17+03:00 observed reason=starvation-signals-4, pid=1708394 rss_kb=1073800 app_servers=2 health_ms=6 signals=4
2026-05-26T18:14:17+03:00 chrome-trim term pid=1709556 count=17 rss_kb=2977684
2026-05-26T18:14:27+03:00 degraded count=1 reason=slow-health-5289ms, pid=1708394 rss_kb=879328 app_servers=2 health_ms=5289 signals=2
2026-05-26T18:16:18+03:00 recovered pid=1708394 rss_kb=1023240 app_servers=4 health_ms=5 signals=0
2026-05-26T18:18:35+03:00 chrome-trim term pid=1710518 count=19 rss_kb=3466860
2026-05-26T18:23:08+03:00 health-fail count=1 pid=1708394 http=000 ms=6009
2026-05-26T18:25:16+03:00 chrome-trim term pid=1711805 count=17 rss_kb=2122832
2026-05-26T18:25:22+03:00 chrome-trim kill pid=1711805
2026-05-26T18:25:29+03:00 health-fail count=2 pid=1708394 http=000 ms=6008
2026-05-26T18:25:30+03:00 restart-gateway reason=health-failures:2:http-000
2026-05-26T18:26:08+03:00 post-restart health=000 0
2026-05-26T18:32:00+03:00 degraded count=1 reason=slow-health-5478ms, pid=1712438 rss_kb=926988 app_servers=2 health_ms=5478 signals=0
2026-05-26T18:34:14+03:00 recovered pid=1712438 rss_kb=895940 app_servers=2 health_ms=3 signals=0
2026-05-26T18:45:58+03:00 degraded count=1 reason=slow-health-3268ms, pid=1712438 rss_kb=885876 app_servers=2 health_ms=3268 signals=0
2026-05-26T18:48:14+03:00 chrome-trim term pid=1713776 count=16 rss_kb=1912148
2026-05-26T18:48:20+03:00 recovered pid=1712438 rss_kb=952272 app_servers=4 health_ms=3 signals=1
2026-05-26T18:52:54+03:00 chrome-trim term pid=1714378 count=17 rss_kb=2014556
2026-05-26T18:55:14+03:00 chrome-trim term pid=1715339 count=17 rss_kb=2004548
2026-05-26T19:06:35+03:00 chrome-trim term pid=1717312 count=17 rss_kb=2287372
2026-05-26T19:06:46+03:00 health-fail count=1 pid=1712438 http=000 ms=6006
2026-05-26T19:11:14+03:00 chrome-trim term pid=1718335 count=16 rss_kb=2081120
2026-05-26T19:13:34+03:00 chrome-trim term pid=1718671 count=16 rss_kb=1854500
2026-05-26T19:15:54+03:00 chrome-trim term pid=1719379 count=16 rss_kb=1823144
2026-05-26T19:17:55+03:00 chrome-trim term pid=1720104 count=17 rss_kb=2253660
2026-05-26T19:20:14+03:00 chrome-trim term pid=1720442 count=17 rss_kb=2094208
2026-05-26T19:22:34+03:00 chrome-trim term pid=1720804 count=17 rss_kb=2123492
2026-05-26T19:24:54+03:00 chrome-trim term pid=1721272 count=17 rss_kb=2139312
2026-05-26T19:27:14+03:00 chrome-trim term pid=1722450 count=17 rss_kb=2103360
2026-05-26T19:29:25+03:00 chrome-trim term pid=1723735 count=17 rss_kb=2241844
2026-05-26T19:33:44+03:00 chrome-trim term pid=1725650 count=17 rss_kb=2097392
2026-05-26T19:35:54+03:00 chrome-trim term pid=1726733 count=17 rss_kb=2232284
2026-05-26T19:40:14+03:00 chrome-trim term pid=1729030 count=17 rss_kb=2140900
2026-05-26T19:42:34+03:00 chrome-trim term pid=1730767 count=17 rss_kb=2258888
2026-05-26T19:44:44+03:00 chrome-trim term pid=1732845 count=17 rss_kb=2226368
2026-05-26T19:46:54+03:00 chrome-trim term pid=1735425 count=17 rss_kb=2268748
2026-05-26T19:49:14+03:00 chrome-trim term pid=1737543 count=17 rss_kb=2215616
2026-05-26T19:51:34+03:00 chrome-trim term pid=1738131 count=17 rss_kb=2084724
2026-05-26T19:53:54+03:00 chrome-trim term pid=1738690 count=16 rss_kb=1802736
2026-05-26T19:56:14+03:00 chrome-trim term pid=1739617 count=17 rss_kb=2118616
2026-05-26T19:56:21+03:00 observed reason=starvation-signals-3, pid=1712438 rss_kb=929920 app_servers=4 health_ms=1102 signals=3
2026-05-26T19:58:34+03:00 chrome-trim term pid=1740433 count=17 rss_kb=2127048
2026-05-26T20:00:54+03:00 chrome-trim term pid=1741279 count=16 rss_kb=1805192
2026-05-26T20:01:06+03:00 health-fail count=1 pid=1712438 http=000 ms=6006
2026-05-26T20:03:14+03:00 chrome-trim term pid=1742457 count=17 rss_kb=1894996
2026-05-26T20:03:21+03:00 observed reason=starvation-signals-6, pid=1712438 rss_kb=958744 app_servers=4 health_ms=662 signals=6
2026-05-26T20:05:35+03:00 observed reason=starvation-signals-3, pid=1712438 rss_kb=909568 app_servers=4 health_ms=840 signals=3
2026-05-26T20:07:55+03:00 chrome-trim term pid=1743415 count=14 rss_kb=2410808
2026-05-26T20:10:14+03:00 chrome-trim term pid=1744358 count=18 rss_kb=2146152
2026-05-26T20:12:34+03:00 chrome-trim term pid=1745111 count=17 rss_kb=2019892
2026-05-26T20:14:54+03:00 chrome-trim term pid=1745698 count=17 rss_kb=2245764
2026-05-26T20:15:01+03:00 observed reason=starvation-signals-3, pid=1712438 rss_kb=938844 app_servers=4 health_ms=1433 signals=3
2026-05-26T20:17:15+03:00 chrome-trim term pid=1746273 count=17 rss_kb=2113112
2026-05-26T20:19:35+03:00 chrome-trim term pid=1746890 count=17 rss_kb=2312392
2026-05-26T20:21:54+03:00 chrome-trim term pid=1747640 count=17 rss_kb=2023408
2026-05-26T20:24:14+03:00 chrome-trim term pid=1748257 count=17 rss_kb=1972440
2026-05-26T20:24:21+03:00 observed reason=starvation-signals-3, pid=1712438 rss_kb=940040 app_servers=4 health_ms=1033 signals=3
2026-05-26T20:28:40+03:00 health-fail count=1 pid=1712438 http=000 ms=6006
2026-05-26T20:30:55+03:00 observed reason=starvation-signals-3, pid=1712438 rss_kb=977112 app_servers=4 health_ms=595 signals=3
2026-05-26T20:33:15+03:00 observed reason=starvation-signals-4, pid=1712438 rss_kb=974504 app_servers=4 health_ms=839 signals=4
2026-05-26T20:45:00+03:00 health-fail count=1 pid=1712438 http=000 ms=6003
2026-05-26T20:47:15+03:00 observed reason=starvation-signals-7, pid=1712438 rss_kb=975556 app_servers=4 health_ms=411 signals=7
2026-05-26T20:51:54+03:00 observed reason=starvation-signals-3, pid=1712438 rss_kb=971776 app_servers=4 health_ms=2 signals=3
2026-05-26T20:54:15+03:00 observed reason=starvation-signals-3, pid=1712438 rss_kb=967284 app_servers=4 health_ms=3 signals=3
2026-05-26T20:56:18+03:00 health-fail count=1 pid=1752324 http=000 ms=0
2026-05-26T22:01:40+03:00 health-fail count=1 pid=1752324 http=000 ms=6006
2026-05-26T22:03:57+03:00 observed reason=starvation-signals-4, pid=1752324 rss_kb=940784 app_servers=2 health_ms=2398 signals=4
2026-05-27T00:02:56+03:00 observed reason=starvation-signals-4, pid=1752324 rss_kb=971416 app_servers=2 health_ms=1116 signals=4
2026-05-27T00:04:58+03:00 observed reason=starvation-signals-3, pid=1752324 rss_kb=934628 app_servers=2 health_ms=545 signals=3
2026-05-27T00:07:04+03:00 observed reason=starvation-signals-5, pid=1752324 rss_kb=967636 app_servers=2 health_ms=2964 signals=5
2026-05-27T00:09:20+03:00 health-fail count=1 pid=1752324 http=000 ms=6006
2026-05-27T00:11:40+03:00 health-fail count=2 pid=1752324 http=000 ms=6006
2026-05-27T00:11:40+03:00 restart-gateway reason=health-failures:2:http-000
2026-05-27T00:12:19+03:00 post-restart health=000 0
2026-05-27T00:58:20+03:00 health-fail count=1 pid=1759899 http=000 ms=6003
2026-05-27T01:05:19+03:00 degraded count=1 reason=slow-health-4397ms, pid=1762796 rss_kb=814956 app_servers=0 health_ms=4397 signals=0
2026-05-27T01:07:34+03:00 recovered pid=1762796 rss_kb=721224 app_servers=0 health_ms=3 signals=0
2026-05-27T01:09:58+03:00 degraded count=1 reason=slow-health-3890ms, pid=1762796 rss_kb=1119220 app_servers=0 health_ms=3890 signals=0
2026-05-27T01:12:14+03:00 recovered pid=1762796 rss_kb=891264 app_servers=2 health_ms=3 signals=0
2026-05-27T01:16:40+03:00 health-fail count=1 pid=1763991 http=000 ms=6005
2026-05-27T01:19:00+03:00 health-fail count=2 pid=1763991 http=000 ms=6006
2026-05-27T01:19:00+03:00 restart-gateway reason=health-failures:2:http-000
2026-05-27T01:19:39+03:00 post-restart health=000 0
2026-05-27T01:28:20+03:00 health-fail count=1 pid=1764716 http=000 ms=6006
2026-05-27T01:32:47+03:00 degraded count=1 reason=slow-health-4320ms, pid=1764716 rss_kb=1424604 app_servers=4 health_ms=4320 signals=1
2026-05-27T01:32:54+03:00 recovered pid=1764716 rss_kb=1426384 app_servers=4 health_ms=2 signals=1
2026-05-27T02:14:20+03:00 health-fail count=1 pid=1774464 http=000 ms=6006 app_servers=2
2026-05-27T02:16:40+03:00 health-fail count=2 pid=1774464 http=000 ms=6006 app_servers=2
2026-05-27T02:16:40+03:00 restart-deferred reason=health-failures:2:http-000 active_app_servers=2
2026-05-27T02:25:55+03:00 observed reason=starvation-signals-3, pid=1774464 rss_kb=951036 app_servers=2 health_ms=156 signals=3
2026-05-27T02:28:15+03:00 observed reason=starvation-signals-3, pid=1774464 rss_kb=994696 app_servers=2 health_ms=109 signals=3
2026-05-27T02:33:00+03:00 health-fail count=1 pid=1774464 http=000 ms=6006 app_servers=2
2026-05-27T02:37:40+03:00 health-fail count=1 pid=1774464 http=000 ms=6006 app_servers=4
2026-05-27T02:39:59+03:00 restart-deferred reason=slow-health-4698ms active_app_servers=4
2026-05-27T02:39:59+03:00 observed reason=slow-health-4698ms, pid=1774464 rss_kb=1674524 app_servers=4 health_ms=4698 signals=2
2026-05-27T03:01:01+03:00 restart-deferred reason=slow-health-4344ms active_app_servers=4
2026-05-27T03:01:01+03:00 observed reason=slow-health-4344ms, pid=1774464 rss_kb=957704 app_servers=4 health_ms=4344 signals=0
2026-05-27T03:14:54+03:00 observed reason=starvation-signals-4, pid=1774464 rss_kb=954464 app_servers=4 health_ms=4 signals=4
2026-05-27T03:31:00+03:00 health-fail count=1 pid=1774464 http=000 ms=6006 app_servers=4
2026-05-27T03:33:20+03:00 health-fail count=2 pid=1774464 http=000 ms=6006 app_servers=6
2026-05-27T03:33:20+03:00 restart-deferred reason=health-failures:2:http-000 active_app_servers=6
2026-05-27T03:35:40+03:00 health-fail count=3 pid=1774464 http=000 ms=6006 app_servers=6
2026-05-27T03:35:40+03:00 restart-deferred reason=health-failures:3:http-000 active_app_servers=6
2026-05-27T03:38:01+03:00 health-fail count=4 pid=1774464 http=000 ms=6006 app_servers=6
2026-05-27T03:38:01+03:00 restart-deferred reason=health-failures:4:http-000 active_app_servers=6
2026-05-27T03:40:19+03:00 restart-deferred reason=slow-health-5281ms active_app_servers=6
2026-05-27T03:40:19+03:00 observed reason=slow-health-5281ms,starvation-signals-5, pid=1774464 rss_kb=962588 app_servers=6 health_ms=5281 signals=5
2026-05-27T03:55:40+03:00 health-fail count=1 pid=1774464 http=000 ms=6006 app_servers=6
2026-05-27T03:58:00+03:00 health-fail count=2 pid=1774464 http=000 ms=6006 app_servers=6
2026-05-27T03:58:00+03:00 restart-deferred reason=health-failures:2:http-000 active_app_servers=6
2026-05-27T04:00:21+03:00 health-fail count=3 pid=1774464 http=000 ms=6001 app_servers=6
2026-05-27T04:00:21+03:00 restart-deferred reason=health-failures:3:http-000 active_app_servers=6
2026-05-27T04:02:35+03:00 observed reason=starvation-signals-3, pid=1774464 rss_kb=946648 app_servers=6 health_ms=2 signals=3
2026-05-27T04:04:54+03:00 observed reason=starvation-signals-3, pid=1774464 rss_kb=1023180 app_servers=6 health_ms=5 signals=3
2026-05-27T04:09:40+03:00 health-fail count=1 pid=1774464 http=000 ms=6001 app_servers=6
2026-05-27T04:11:55+03:00 observed reason=starvation-signals-4, pid=1774464 rss_kb=975244 app_servers=6 health_ms=3 signals=4
2026-05-27T04:13:59+03:00 observed reason=starvation-signals-4, pid=1774464 rss_kb=964296 app_servers=6 health_ms=2 signals=4
2026-05-27T04:55:38+03:00 restart-deferred reason=slow-health-3781ms active_app_servers=6
2026-05-27T04:55:38+03:00 observed reason=slow-health-3781ms, pid=1774464 rss_kb=984796 app_servers=6 health_ms=3781 signals=0
2026-05-27T05:35:20+03:00 health-fail count=1 pid=1774464 http=000 ms=6006 app_servers=6
2026-05-27T05:37:40+03:00 restart-deferred reason=slow-health-5452ms active_app_servers=6
2026-05-27T05:37:40+03:00 observed reason=slow-health-5452ms, pid=1774464 rss_kb=971096 app_servers=6 health_ms=5452 signals=0
2026-05-27T05:54:00+03:00 health-fail count=1 pid=1774464 http=000 ms=6007 app_servers=6
2026-05-27T05:56:18+03:00 restart-deferred reason=slow-health-3807ms active_app_servers=6
2026-05-27T05:56:18+03:00 observed reason=slow-health-3807ms, pid=1774464 rss_kb=984388 app_servers=6 health_ms=3807 signals=0
2026-05-27T06:01:00+03:00 health-fail count=1 pid=1774464 http=000 ms=6002 app_servers=6
2026-05-27T06:03:21+03:00 health-fail count=2 pid=1774464 http=000 ms=6004 app_servers=6
2026-05-27T06:03:21+03:00 restart-deferred reason=health-failures:2:http-000 active_app_servers=6
2026-05-27T06:07:27+03:00 health-fail count=1 pid=1774464 http=000 ms=6008 app_servers=6
2026-05-27T07:01:00+03:00 health-fail count=1 pid=1774464 http=000 ms=6003 app_servers=6
2026-05-27T08:04:01+03:00 health-fail count=1 pid=1774464 http=000 ms=6006 app_servers=6
2026-05-27T10:00:20+03:00 health-fail count=1 pid=1774464 http=000 ms=6007 app_servers=8
2026-05-27T11:00:22+03:00 health-fail count=1 pid=1774464 http=000 ms=6005 app_servers=8
2026-05-27T11:09:21+03:00 health-fail count=1 pid=1774464 http=000 ms=6006 app_servers=8
2026-05-27T11:18:34+03:00 chrome-trim term pid=1774270 count=17 rss_kb=1782916
2026-05-27T11:20:55+03:00 chrome-trim term pid=1874533 count=17 rss_kb=2291472
2026-05-27T11:25:34+03:00 chrome-trim term pid=1875072 count=16 rss_kb=2286392
2026-05-27T11:27:54+03:00 chrome-trim term pid=1875929 count=17 rss_kb=2011204
2026-05-27T11:34:44+03:00 chrome-trim term pid=1876691 count=18 rss_kb=2234068
2026-05-27T11:39:14+03:00 chrome-trim term pid=1877867 count=18 rss_kb=2272704
2026-05-27T12:00:21+03:00 health-fail count=1 pid=1774464 http=000 ms=6005 app_servers=8
2026-05-27T12:02:31+03:00 health-fail count=2 pid=1774464 http=000 ms=6004 app_servers=8
2026-05-27T12:02:31+03:00 restart-deferred reason=health-failures:2:http-000 active_app_servers=8
2026-05-27T12:04:51+03:00 health-fail count=3 pid=1774464 http=000 ms=6006 app_servers=8
2026-05-27T12:04:51+03:00 restart-deferred reason=health-failures:3:http-000 active_app_servers=8
2026-05-27T12:06:59+03:00 health-fail count=4 pid=1774464 http=000 ms=6005 app_servers=8
2026-05-27T12:06:59+03:00 restart-deferred reason=health-failures:4:http-000 active_app_servers=8
2026-05-27T12:09:00+03:00 health-fail count=5 pid=1774464 http=000 ms=6004 app_servers=8
2026-05-27T12:09:00+03:00 restart-deferred reason=health-failures:5:http-000 active_app_servers=8
2026-05-27T12:11:14+03:00 observed reason=starvation-signals-3, pid=1774464 rss_kb=1142304 app_servers=8 health_ms=2 signals=3
2026-05-27T12:25:20+03:00 health-fail count=1 pid=1774464 http=000 ms=6007 app_servers=8
2026-05-27T12:44:00+03:00 health-fail count=1 pid=1774464 http=000 ms=6006 app_servers=8
2026-05-27T12:55:34+03:00 chrome-trim term pid=1878698 count=15 rss_kb=2134332
2026-05-27T12:55:46+03:00 health-fail count=1 pid=1774464 http=000 ms=6006 app_servers=8
2026-05-27T13:00:17+03:00 restart-deferred reason=slow-health-3245ms active_app_servers=8
2026-05-27T13:00:17+03:00 observed reason=slow-health-3245ms, pid=1774464 rss_kb=825852 app_servers=8 health_ms=3245 signals=0
2026-05-27T13:02:24+03:00 chrome-trim term pid=1890012 count=15 rss_kb=1895200
2026-05-27T13:02:35+03:00 restart-deferred reason=slow-health-5811ms active_app_servers=8
2026-05-27T13:02:35+03:00 observed reason=slow-health-5811ms, pid=1774464 rss_kb=1133216 app_servers=8 health_ms=5811 signals=2
2026-05-27T13:06:54+03:00 chrome-trim term pid=1891632 count=15 rss_kb=1865356
2026-05-27T13:28:00+03:00 health-fail count=1 pid=1774464 http=000 ms=6005 app_servers=8
2026-05-27T13:32:28+03:00 restart-deferred reason=slow-health-3808ms active_app_servers=8
2026-05-27T13:32:28+03:00 observed reason=slow-health-3808ms, pid=1774464 rss_kb=1411008 app_servers=8 health_ms=3808 signals=0
2026-05-27T14:02:20+03:00 health-fail count=1 pid=1774464 http=000 ms=6006 app_servers=8
2026-05-27T14:11:38+03:00 restart-deferred reason=slow-health-3710ms active_app_servers=8
2026-05-27T14:11:38+03:00 observed reason=slow-health-3710ms, pid=1774464 rss_kb=812280 app_servers=8 health_ms=3710 signals=2
2026-05-27T14:30:19+03:00 health-fail count=1 pid=1774464 http=000 ms=6005 app_servers=8
2026-05-27T14:39:15+03:00 chrome-trim term pid=1892866 count=17 rss_kb=2723192
2026-05-27T14:41:40+03:00 health-fail count=1 pid=1774464 http=000 ms=6006 app_servers=8
2026-05-27T14:43:54+03:00 chrome-trim term pid=1902842 count=16 rss_kb=2142320
2026-05-27T14:44:06+03:00 health-fail count=2 pid=1774464 http=000 ms=6006 app_servers=8
2026-05-27T14:44:06+03:00 restart-deferred reason=health-failures:2:http-000 active_app_servers=8
2026-05-27T14:48:34+03:00 chrome-trim term pid=1904010 count=18 rss_kb=2544076
2026-05-27T14:48:46+03:00 health-fail count=1 pid=1774464 http=000 ms=6005 app_servers=8
2026-05-27T14:53:21+03:00 health-fail count=1 pid=1774464 http=000 ms=6005 app_servers=8
2026-05-27T14:55:34+03:00 chrome-trim term pid=1905163 count=15 rss_kb=1895012
2026-05-27T14:55:40+03:00 observed reason=starvation-signals-6, pid=1774464 rss_kb=881044 app_servers=8 health_ms=84 signals=6
2026-05-27T14:58:01+03:00 health-fail count=1 pid=1774464 http=000 ms=6005 app_servers=8
2026-05-27T15:00:14+03:00 chrome-trim term pid=1906642 count=18 rss_kb=2842536
2026-05-27T15:00:25+03:00 health-fail count=2 pid=1774464 http=000 ms=6006 app_servers=8
2026-05-27T15:00:25+03:00 restart-deferred reason=health-failures:2:http-000 active_app_servers=8
2026-05-27T15:02:27+03:00 observed reason=starvation-signals-8, pid=1774464 rss_kb=851964 app_servers=8 health_ms=2569 signals=8
2026-05-27T15:04:48+03:00 restart-deferred reason=slow-health-5002ms active_app_servers=8
2026-05-27T15:04:48+03:00 observed reason=slow-health-5002ms,starvation-signals-13, pid=1774464 rss_kb=857836 app_servers=8 health_ms=5002 signals=13
2026-05-27T15:07:00+03:00 health-fail count=1 pid=1774464 http=000 ms=6006 app_servers=10
2026-05-27T15:09:15+03:00 degraded count=1 reason=starvation-signals-9,app-server-count-10, pid=1774464 rss_kb=848744 app_servers=10 health_ms=476 signals=9
2026-05-27T15:11:34+03:00 chrome-trim term pid=1907727 count=16 rss_kb=2080336
2026-05-27T15:11:42+03:00 degraded count=2 reason=starvation-signals-5,app-server-count-10, pid=1774464 rss_kb=835180 app_servers=10 health_ms=2573 signals=5
2026-05-27T15:11:42+03:00 restart-gateway reason=degraded:app-server-count-10,
2026-05-27T15:12:16+03:00 post-restart health=000 1
2026-05-27T15:13:53+03:00 degraded count=1 reason=slow-health-3286ms,starvation-signals-4, pid=1910727 rss_kb=1412164 app_servers=0 health_ms=3286 signals=4
2026-05-27T15:15:55+03:00 observed reason=starvation-signals-9, pid=1910727 rss_kb=1512336 app_servers=0 health_ms=810 signals=9
2026-05-27T15:18:14+03:00 observed reason=starvation-signals-3, pid=1910727 rss_kb=995948 app_servers=0 health_ms=2 signals=3
2026-05-27T15:23:00+03:00 health-fail count=1 pid=1910727 http=000 ms=6006 app_servers=0
2026-05-27T15:25:20+03:00 health-fail count=2 pid=1910727 http=000 ms=6006 app_servers=4
2026-05-27T15:25:20+03:00 restart-deferred reason=health-failures:2:http-000 active_app_servers=4
2026-05-27T15:27:36+03:00 chrome-trim term pid=1910540 count=21 rss_kb=3653688
2026-05-27T15:27:47+03:00 health-fail count=3 pid=1910727 http=000 ms=6006 app_servers=6
2026-05-27T15:27:47+03:00 restart-deferred reason=health-failures:3:http-000 active_app_servers=6
2026-05-27T15:29:54+03:00 chrome-trim term pid=1913100 count=18 rss_kb=2099992
2026-05-27T15:30:07+03:00 health-fail count=4 pid=1910727 http=000 ms=6176 app_servers=6
2026-05-27T15:30:07+03:00 restart-deferred reason=health-failures:4:http-000 active_app_servers=6
2026-05-27T15:32:14+03:00 chrome-trim term pid=1913817 count=18 rss_kb=2088988
2026-05-27T15:32:26+03:00 health-fail count=5 pid=1910727 http=000 ms=6005 app_servers=6
2026-05-27T15:32:26+03:00 restart-deferred reason=health-failures:5:http-000 active_app_servers=6
2026-05-27T15:34:34+03:00 chrome-trim term pid=1914466 count=19 rss_kb=2710420
2026-05-27T15:34:41+03:00 observed reason=starvation-signals-3, pid=1910727 rss_kb=998376 app_servers=6 health_ms=1024 signals=3
2026-05-27T15:36:55+03:00 chrome-trim term pid=1915197 count=20 rss_kb=2931072
2026-05-27T15:37:07+03:00 health-fail count=1 pid=1910727 http=000 ms=6004 app_servers=6
2026-05-27T15:39:14+03:00 chrome-trim term pid=1915808 count=18 rss_kb=2106920
2026-05-27T15:39:24+03:00 restart-deferred reason=slow-health-3981ms active_app_servers=6
2026-05-27T15:39:24+03:00 observed reason=slow-health-3981ms,starvation-signals-3, pid=1910727 rss_kb=1001328 app_servers=6 health_ms=3981 signals=3
2026-05-27T15:41:34+03:00 chrome-trim term pid=1916503 count=17 rss_kb=1928796
2026-05-27T15:41:40+03:00 observed reason=starvation-signals-3, pid=1910727 rss_kb=1023164 app_servers=6 health_ms=404 signals=3
2026-05-27T15:43:55+03:00 chrome-trim term pid=1917137 count=20 rss_kb=3019096
2026-05-27T15:44:06+03:00 health-fail count=1 pid=1910727 http=000 ms=6006 app_servers=6
2026-05-27T15:46:14+03:00 chrome-trim term pid=1917760 count=18 rss_kb=2086700
2026-05-27T15:46:26+03:00 health-fail count=2 pid=1910727 http=000 ms=6007 app_servers=6
2026-05-27T15:46:26+03:00 restart-deferred reason=health-failures:2:http-000 active_app_servers=6
2026-05-27T15:48:35+03:00 chrome-trim term pid=1918415 count=19 rss_kb=2684996
2026-05-27T15:48:44+03:00 restart-deferred reason=slow-health-3879ms active_app_servers=6
2026-05-27T15:48:44+03:00 observed reason=slow-health-3879ms,starvation-signals-3, pid=1910727 rss_kb=999000 app_servers=6 health_ms=3879 signals=3
2026-05-27T15:50:54+03:00 chrome-trim term pid=1918998 count=19 rss_kb=2847492
2026-05-27T15:51:02+03:00 observed reason=starvation-signals-4, pid=1910727 rss_kb=1067760 app_servers=6 health_ms=1936 signals=4
2026-05-27T15:53:14+03:00 chrome-trim term pid=1919739 count=20 rss_kb=3387964
2026-05-27T15:53:26+03:00 health-fail count=1 pid=1910727 http=000 ms=6006 app_servers=6
2026-05-27T15:55:34+03:00 chrome-trim term pid=1920434 count=18 rss_kb=2091712
2026-05-27T15:55:44+03:00 restart-deferred reason=slow-health-4754ms active_app_servers=6
2026-05-27T15:55:44+03:00 observed reason=slow-health-4754ms,starvation-signals-4, pid=1910727 rss_kb=1029612 app_servers=6 health_ms=4754 signals=4
2026-05-27T15:57:55+03:00 chrome-trim term pid=1921066 count=17 rss_kb=1953068
2026-05-27T15:58:00+03:00 observed reason=starvation-signals-5, pid=1910727 rss_kb=1039284 app_servers=6 health_ms=2 signals=5
2026-05-27T16:00:14+03:00 chrome-trim term pid=1921802 count=19 rss_kb=2706804
2026-05-27T16:00:21+03:00 observed reason=starvation-signals-3, pid=1910727 rss_kb=972140 app_servers=6 health_ms=78 signals=3
2026-05-27T16:02:26+03:00 observed reason=starvation-signals-4, pid=1910727 rss_kb=1053780 app_servers=6 health_ms=1130 signals=4
2026-05-27T16:04:48+03:00 restart-deferred reason=slow-health-3584ms active_app_servers=6
2026-05-27T16:04:48+03:00 observed reason=slow-health-3584ms,starvation-signals-5, pid=1910727 rss_kb=1055448 app_servers=6 health_ms=3584 signals=5
2026-05-27T16:06:54+03:00 chrome-trim term pid=1922524 count=18 rss_kb=2116092
2026-05-27T16:07:03+03:00 restart-deferred reason=slow-health-3523ms active_app_servers=6
2026-05-27T16:07:03+03:00 observed reason=slow-health-3523ms,starvation-signals-4, pid=1910727 rss_kb=1028312 app_servers=6 health_ms=3523 signals=4
2026-05-27T16:09:20+03:00 health-fail count=1 pid=1910727 http=000 ms=6006 app_servers=8
2026-05-27T16:11:40+03:00 health-fail count=2 pid=1910727 http=000 ms=6006 app_servers=8
2026-05-27T16:11:40+03:00 restart-deferred reason=health-failures:2:http-000 active_app_servers=8
2026-05-27T16:14:00+03:00 health-fail count=3 pid=1910727 http=000 ms=6006 app_servers=8
2026-05-27T16:14:00+03:00 restart-deferred reason=health-failures:3:http-000 active_app_servers=8
2026-05-27T16:16:16+03:00 chrome-trim term pid=1924036 count=14 rss_kb=2066760
2026-05-27T16:16:28+03:00 health-fail count=4 pid=1910727 http=000 ms=6004 app_servers=8
2026-05-27T16:16:28+03:00 restart-deferred reason=health-failures:4:http-000 active_app_servers=8
2026-05-27T16:18:35+03:00 chrome-trim term pid=1926329 count=18 rss_kb=2079240
2026-05-27T16:18:48+03:00 restart-deferred reason=slow-health-3459ms active_app_servers=8
2026-05-27T16:18:48+03:00 observed reason=slow-health-3459ms,starvation-signals-3, pid=1910727 rss_kb=1030708 app_servers=8 health_ms=3459 signals=3
2026-05-27T16:20:54+03:00 chrome-trim term pid=1927059 count=18 rss_kb=2170960
2026-05-27T16:23:14+03:00 chrome-trim term pid=1927842 count=20 rss_kb=3077208
2026-05-27T16:23:20+03:00 observed reason=starvation-signals-3, pid=1910727 rss_kb=1089716 app_servers=8 health_ms=439 signals=3
2026-05-27T16:25:34+03:00 chrome-trim term pid=1928560 count=19 rss_kb=2856300
2026-05-27T16:25:40+03:00 observed reason=starvation-signals-3, pid=1910727 rss_kb=1030664 app_servers=8 health_ms=4 signals=3
2026-05-27T16:27:57+03:00 chrome-trim term pid=1929261 count=22 rss_kb=4982112
2026-05-27T16:28:03+03:00 observed reason=starvation-signals-4, pid=1910727 rss_kb=1031016 app_servers=8 health_ms=3 signals=4
2026-05-27T16:30:14+03:00 chrome-trim term pid=1930075 count=21 rss_kb=5219448
2026-05-27T16:30:26+03:00 health-fail count=1 pid=1910727 http=000 ms=6023 app_servers=8
2026-05-27T16:32:24+03:00 chrome-trim term pid=1930612 count=18 rss_kb=1963068
2026-05-27T16:32:31+03:00 observed reason=starvation-signals-6, pid=1910727 rss_kb=1082004 app_servers=8 health_ms=1696 signals=6
2026-05-27T16:34:44+03:00 chrome-trim term pid=1931242 count=18 rss_kb=2195088
2026-05-27T16:34:50+03:00 observed reason=starvation-signals-4, pid=1910727 rss_kb=1028080 app_servers=8 health_ms=8 signals=4
2026-05-27T16:36:55+03:00 observed reason=starvation-signals-3, pid=1910727 rss_kb=1045976 app_servers=8 health_ms=2 signals=3
2026-05-27T16:39:15+03:00 chrome-trim term pid=1931982 count=16 rss_kb=2314320
2026-05-27T16:39:21+03:00 observed reason=starvation-signals-3, pid=1910727 rss_kb=1030260 app_servers=8 health_ms=1018 signals=3
2026-05-27T16:41:35+03:00 chrome-trim term pid=1933115 count=18 rss_kb=2530080
2026-05-27T16:41:41+03:00 observed reason=starvation-signals-3, pid=1910727 rss_kb=1030520 app_servers=8 health_ms=515 signals=3
2026-05-27T16:43:55+03:00 chrome-trim term pid=1933915 count=17 rss_kb=2390224
2026-05-27T16:44:07+03:00 health-fail count=1 pid=1910727 http=000 ms=6005 app_servers=8
2026-05-27T16:48:35+03:00 chrome-trim term pid=1934493 count=16 rss_kb=2397592
2026-05-27T16:48:46+03:00 health-fail count=1 pid=1910727 http=000 ms=6005 app_servers=8
2026-05-27T16:50:56+03:00 observed reason=starvation-signals-5, pid=1910727 rss_kb=1003400 app_servers=8 health_ms=140 signals=5
2026-05-27T16:53:15+03:00 chrome-trim term pid=1935577 count=18 rss_kb=2127684
2026-05-27T16:55:35+03:00 chrome-trim term pid=1936834 count=19 rss_kb=2813836
2026-05-27T16:57:55+03:00 chrome-trim term pid=1937440 count=17 rss_kb=1891732
2026-05-27T16:58:06+03:00 health-fail count=1 pid=1910727 http=000 ms=6006 app_servers=8
2026-05-27T17:00:13+03:00 chrome-trim term pid=1938117 count=17 rss_kb=1893856
2026-05-27T17:00:22+03:00 restart-deferred reason=slow-health-3504ms active_app_servers=8
2026-05-27T17:00:22+03:00 observed reason=slow-health-3504ms,starvation-signals-6, pid=1910727 rss_kb=1073776 app_servers=8 health_ms=3504 signals=6
2026-05-27T17:02:25+03:00 chrome-trim term pid=1938635 count=18 rss_kb=2185164
2026-05-27T17:02:31+03:00 observed reason=starvation-signals-14, pid=1910727 rss_kb=1051488 app_servers=8 health_ms=261 signals=14
2026-05-27T17:04:46+03:00 chrome-trim term pid=1939415 count=16 rss_kb=2066128
2026-05-27T17:06:54+03:00 chrome-trim term pid=1940447 count=18 rss_kb=2109164
2026-05-27T17:09:14+03:00 chrome-trim term pid=1941241 count=17 rss_kb=1874688
2026-05-27T17:11:28+03:00 chrome-trim term pid=1942155 count=18 rss_kb=2076000
2026-05-27T17:11:37+03:00 restart-deferred reason=slow-health-3691ms active_app_servers=8
2026-05-27T17:11:37+03:00 observed reason=slow-health-3691ms,starvation-signals-5, pid=1910727 rss_kb=1082012 app_servers=8 health_ms=3691 signals=5
2026-05-27T17:22:54+03:00 observed reason=starvation-signals-3, pid=1910727 rss_kb=1052304 app_servers=8 health_ms=3 signals=3
2026-05-27T17:32:00+03:00 restart-deferred reason=slow-health-5046ms active_app_servers=8
2026-05-27T17:32:00+03:00 observed reason=slow-health-5046ms, pid=1910727 rss_kb=1089228 app_servers=8 health_ms=5046 signals=1
2026-05-27T17:34:20+03:00 health-fail count=1 pid=1910727 http=000 ms=6006 app_servers=8
2026-05-27T17:36:34+03:00 observed reason=starvation-signals-5, pid=1910727 rss_kb=1086124 app_servers=8 health_ms=3 signals=5
2026-05-27T17:39:02+03:00 health-fail count=1 pid=1910727 http=000 ms=6006 app_servers=8
2026-05-27T17:41:14+03:00 chrome-trim term pid=1942959 count=20 rss_kb=3185440
2026-05-27T17:41:20+03:00 observed reason=starvation-signals-4, pid=1910727 rss_kb=1040900 app_servers=8 health_ms=883 signals=4
2026-05-27T17:43:34+03:00 chrome-trim term pid=1947080 count=19 rss_kb=2840036
2026-05-27T17:43:46+03:00 health-fail count=1 pid=1910727 http=000 ms=6001 app_servers=8
2026-05-27T17:45:56+03:00 chrome-trim term pid=1947672 count=21 rss_kb=3082948
2026-05-27T17:46:07+03:00 health-fail count=2 pid=1910727 http=000 ms=6005 app_servers=8
2026-05-27T17:46:07+03:00 restart-deferred reason=health-failures:2:http-000 active_app_servers=8
2026-05-27T17:48:14+03:00 chrome-trim term pid=1948402 count=18 rss_kb=2111132
2026-05-27T17:48:22+03:00 observed reason=starvation-signals-3, pid=1910727 rss_kb=1038668 app_servers=8 health_ms=1231 signals=3
2026-05-27T17:50:27+03:00 health-fail count=1 pid=1910727 http=000 ms=6006 app_servers=8
2026-05-27T17:52:34+03:00 chrome-trim term pid=1949085 count=20 rss_kb=3311268
2026-05-27T17:52:40+03:00 observed reason=starvation-signals-3, pid=1910727 rss_kb=1104516 app_servers=8 health_ms=98 signals=3
2026-05-27T17:54:54+03:00 chrome-trim term pid=1950196 count=19 rss_kb=2882408
2026-05-27T17:55:06+03:00 health-fail count=1 pid=1910727 http=000 ms=6006 app_servers=8
2026-05-27T17:57:14+03:00 chrome-trim term pid=1950770 count=18 rss_kb=2275148
2026-05-27T17:59:25+03:00 chrome-trim term pid=1951338 count=18 rss_kb=2089940
2026-05-27T18:01:27+03:00 chrome-trim term pid=1952071 count=17 rss_kb=2312692
2026-05-27T18:03:39+03:00 health-fail count=1 pid=1910727 http=000 ms=6008 app_servers=8
2026-05-27T18:05:44+03:00 chrome-trim term pid=1952607 count=17 rss_kb=1860232
2026-05-27T18:05:53+03:00 restart-deferred reason=slow-health-3527ms active_app_servers=8
2026-05-27T18:05:53+03:00 observed reason=slow-health-3527ms,starvation-signals-8, pid=1910727 rss_kb=1086948 app_servers=8 health_ms=3527 signals=8
2026-05-27T18:07:54+03:00 chrome-trim term pid=1953516 count=19 rss_kb=2778268
2026-05-27T18:08:05+03:00 restart-deferred reason=slow-health-5282ms active_app_servers=8
2026-05-27T18:08:05+03:00 observed reason=slow-health-5282ms,starvation-signals-7, pid=1910727 rss_kb=1064464 app_servers=8 health_ms=5282 signals=7
2026-05-27T18:10:14+03:00 chrome-trim term pid=1953926 count=18 rss_kb=1963612
2026-05-27T18:10:24+03:00 restart-deferred reason=slow-health-3991ms active_app_servers=8
2026-05-27T18:10:24+03:00 observed reason=slow-health-3991ms, pid=1910727 rss_kb=1145308 app_servers=8 health_ms=3991 signals=2
2026-05-27T18:12:34+03:00 chrome-trim term pid=1954491 count=18 rss_kb=2076064
2026-05-27T18:15:00+03:00 health-fail count=1 pid=1910727 http=000 ms=6007 app_servers=8
2026-05-27T18:45:20+03:00 health-fail count=1 pid=1910727 http=000 ms=6006 app_servers=8
2026-05-27T18:47:35+03:00 observed reason=starvation-signals-3, pid=1910727 rss_kb=1106180 app_servers=8 health_ms=441 signals=3
2026-05-27T18:52:14+03:00 observed reason=starvation-signals-5, pid=1910727 rss_kb=1098352 app_servers=8 health_ms=4 signals=5
2026-05-27T18:54:34+03:00 chrome-trim term pid=1955001 count=14 rss_kb=2127368
2026-05-27T18:59:14+03:00 observed reason=starvation-signals-3, pid=1910727 rss_kb=1098168 app_servers=8 health_ms=2 signals=3
2026-05-27T19:01:35+03:00 observed reason=starvation-signals-4, pid=1910727 rss_kb=1099552 app_servers=8 health_ms=100 signals=4
2026-05-27T19:03:54+03:00 observed reason=starvation-signals-4, pid=1910727 rss_kb=1100288 app_servers=8 health_ms=3 signals=4
2026-05-27T19:06:15+03:00 observed reason=starvation-signals-3, pid=1910727 rss_kb=1117672 app_servers=8 health_ms=377 signals=3
2026-05-27T19:08:34+03:00 chrome-trim term pid=1957964 count=16 rss_kb=1853436
2026-05-27T19:13:15+03:00 observed reason=starvation-signals-3, pid=1910727 rss_kb=1100516 app_servers=8 health_ms=420 signals=3
2026-05-27T19:15:34+03:00 observed reason=starvation-signals-4, pid=1910727 rss_kb=1158328 app_servers=8 health_ms=2 signals=4
2026-05-27T19:17:54+03:00 chrome-trim term pid=1959346 count=17 rss_kb=1963116
2026-05-27T19:18:01+03:00 observed reason=starvation-signals-3, pid=1910727 rss_kb=1075972 app_servers=8 health_ms=946 signals=3
2026-05-27T19:20:14+03:00 chrome-trim term pid=1960773 count=17 rss_kb=1943884
2026-05-27T19:20:20+03:00 observed reason=starvation-signals-3, pid=1910727 rss_kb=1071916 app_servers=8 health_ms=2 signals=3
2026-05-27T19:22:34+03:00 chrome-trim term pid=1961377 count=17 rss_kb=1953484
2026-05-27T19:22:41+03:00 observed reason=starvation-signals-4, pid=1910727 rss_kb=1070160 app_servers=8 health_ms=1886 signals=4
2026-05-27T19:24:54+03:00 chrome-trim term pid=1961954 count=17 rss_kb=1949792
2026-05-27T19:25:00+03:00 observed reason=starvation-signals-4, pid=1910727 rss_kb=1070780 app_servers=8 health_ms=24 signals=4
2026-05-27T19:27:15+03:00 chrome-trim term pid=1962569 count=14 rss_kb=2333868
2026-05-27T19:27:20+03:00 observed reason=starvation-signals-4, pid=1910727 rss_kb=1112792 app_servers=8 health_ms=181 signals=4
2026-05-27T19:29:35+03:00 chrome-trim term pid=1963429 count=12 rss_kb=1893252
2026-05-27T19:29:40+03:00 observed reason=starvation-signals-4, pid=1910727 rss_kb=1123768 app_servers=8 health_ms=2 signals=4
2026-05-27T19:32:00+03:00 health-fail count=1 pid=1910727 http=000 ms=6006 app_servers=8
2026-05-27T19:34:20+03:00 restart-deferred reason=slow-health-5695ms active_app_servers=8
2026-05-27T19:34:20+03:00 observed reason=slow-health-5695ms,starvation-signals-4, pid=1910727 rss_kb=1137328 app_servers=8 health_ms=5695 signals=4
2026-05-27T19:36:38+03:00 restart-deferred reason=slow-health-3086ms active_app_servers=8
2026-05-27T19:36:38+03:00 observed reason=slow-health-3086ms,starvation-signals-4, pid=1910727 rss_kb=1112280 app_servers=8 health_ms=3086 signals=4
2026-05-27T19:38:54+03:00 chrome-trim term pid=1963992 count=18 rss_kb=2100672
2026-05-27T19:39:00+03:00 observed reason=starvation-signals-6, pid=1910727 rss_kb=1120268 app_servers=8 health_ms=404 signals=6
2026-05-27T19:41:20+03:00 health-fail count=1 pid=1910727 http=000 ms=6006 app_servers=8
2026-05-27T19:43:36+03:00 observed reason=starvation-signals-4, pid=1910727 rss_kb=1156348 app_servers=8 health_ms=1092 signals=4
2026-05-27T19:45:54+03:00 chrome-trim term pid=1965932 count=17 rss_kb=1964444
2026-05-27T19:46:03+03:00 observed reason=starvation-signals-3, pid=1910727 rss_kb=1131988 app_servers=8 health_ms=2211 signals=3
2026-05-27T19:48:15+03:00 chrome-trim term pid=1967376 count=15 rss_kb=1878736
2026-05-27T19:48:21+03:00 observed reason=starvation-signals-4, pid=1910727 rss_kb=1112512 app_servers=8 health_ms=22 signals=4
2026-05-27T19:50:35+03:00 observed reason=starvation-signals-4, pid=1910727 rss_kb=1113232 app_servers=8 health_ms=533 signals=4
2026-05-27T19:52:58+03:00 observed reason=starvation-signals-3, pid=1910727 rss_kb=1113968 app_servers=8 health_ms=2046 signals=3
2026-05-27T19:55:15+03:00 chrome-trim term pid=1967903 count=17 rss_kb=2008872
2026-05-27T19:55:22+03:00 observed reason=starvation-signals-6, pid=1910727 rss_kb=1180948 app_servers=8 health_ms=1134 signals=6
2026-05-27T19:57:35+03:00 chrome-trim term pid=1969574 count=17 rss_kb=1969892
2026-05-27T19:59:55+03:00 chrome-trim term pid=1970205 count=17 rss_kb=1969656
2026-05-27T20:00:09+03:00 restart-deferred reason=slow-health-3498ms active_app_servers=8
2026-05-27T20:00:09+03:00 observed reason=slow-health-3498ms, pid=1910727 rss_kb=1186396 app_servers=8 health_ms=3498 signals=2
2026-05-27T20:02:22+03:00 health-fail count=1 pid=1910727 http=000 ms=6006 app_servers=8
2026-05-27T20:04:42+03:00 health-fail count=2 pid=1910727 http=000 ms=6007 app_servers=8
2026-05-27T20:04:42+03:00 restart-deferred reason=health-failures:2:http-000 active_app_servers=8
2026-05-27T20:06:55+03:00 chrome-trim term pid=1971171 count=17 rss_kb=1987648
2026-05-27T20:07:07+03:00 health-fail count=3 pid=1910727 http=000 ms=6005 app_servers=8
2026-05-27T20:07:07+03:00 restart-deferred reason=health-failures:3:http-000 active_app_servers=8
2026-05-27T20:08:55+03:00 chrome-trim term pid=1972934 count=17 rss_kb=2099428
2026-05-27T20:09:06+03:00 health-fail count=4 pid=1910727 http=000 ms=6006 app_servers=8
2026-05-27T20:09:06+03:00 restart-deferred reason=health-failures:4:http-000 active_app_servers=8
2026-05-27T20:11:14+03:00 chrome-trim term pid=1973468 count=17 rss_kb=2104324
2026-05-27T20:11:26+03:00 health-fail count=5 pid=1910727 http=000 ms=6005 app_servers=8
2026-05-27T20:11:26+03:00 restart-deferred reason=health-failures:5:http-000 active_app_servers=8
2026-05-27T20:13:35+03:00 chrome-trim term pid=1974050 count=17 rss_kb=2000812
2026-05-27T20:13:46+03:00 health-fail count=6 pid=1910727 http=000 ms=6007 app_servers=8
2026-05-27T20:13:46+03:00 restart-deferred reason=health-failures:6:http-000 active_app_servers=8
2026-05-27T20:15:54+03:00 chrome-trim term pid=1974625 count=17 rss_kb=2055584
2026-05-27T20:18:15+03:00 chrome-trim term pid=1975236 count=17 rss_kb=1968472
2026-05-27T20:20:34+03:00 chrome-trim term pid=1975789 count=17 rss_kb=1958740
2026-05-27T20:20:40+03:00 observed reason=starvation-signals-3, pid=1910727 rss_kb=1175480 app_servers=8 health_ms=242 signals=3
2026-05-27T20:22:54+03:00 chrome-trim term pid=1976396 count=17 rss_kb=1995148
2026-05-27T20:23:06+03:00 health-fail count=1 pid=1910727 http=000 ms=6006 app_servers=8
2026-05-27T20:25:14+03:00 chrome-trim term pid=1976975 count=17 rss_kb=1960376
2026-05-27T20:25:26+03:00 health-fail count=2 pid=1910727 http=000 ms=6006 app_servers=8
2026-05-27T20:25:26+03:00 restart-deferred reason=health-failures:2:http-000 active_app_servers=8
2026-05-27T20:27:39+03:00 observed reason=starvation-signals-3, pid=1910727 rss_kb=1148256 app_servers=8 health_ms=2888 signals=3
2026-05-27T20:29:54+03:00 chrome-trim term pid=1977534 count=17 rss_kb=1966412
2026-05-27T20:30:00+03:00 observed reason=starvation-signals-4, pid=1910727 rss_kb=1180760 app_servers=8 health_ms=389 signals=4
2026-05-27T20:32:15+03:00 chrome-trim term pid=1978742 count=17 rss_kb=1959508
2026-05-27T20:34:34+03:00 chrome-trim term pid=1979345 count=17 rss_kb=1962136
2026-05-27T20:36:54+03:00 chrome-trim term pid=1979880 count=17 rss_kb=1954132
2026-05-27T20:37:01+03:00 observed reason=starvation-signals-3, pid=1910727 rss_kb=1209592 app_servers=8 health_ms=677 signals=3
2026-05-27T20:39:14+03:00 chrome-trim term pid=1980519 count=18 rss_kb=2116724
2026-05-27T20:41:34+03:00 chrome-trim term pid=1981176 count=17 rss_kb=1974244
2026-05-27T20:41:46+03:00 health-fail count=1 pid=1910727 http=000 ms=6006 app_servers=8
2026-05-27T20:44:00+03:00 health-fail count=2 pid=1910727 http=000 ms=6006 app_servers=8
2026-05-27T20:44:00+03:00 restart-deferred reason=health-failures:2:http-000 active_app_servers=8
2026-05-27T20:46:17+03:00 observed reason=starvation-signals-4, pid=1910727 rss_kb=1201204 app_servers=8 health_ms=522 signals=4
2026-05-27T20:48:35+03:00 chrome-trim term pid=1981557 count=17 rss_kb=1933964
2026-05-27T20:50:54+03:00 chrome-trim term pid=1984025 count=17 rss_kb=1967464
2026-05-27T20:51:03+03:00 observed reason=starvation-signals-5, pid=1910727 rss_kb=1165628 app_servers=8 health_ms=2495 signals=5
2026-05-27T20:53:15+03:00 observed reason=starvation-signals-6, pid=1910727 rss_kb=1164664 app_servers=8 health_ms=2 signals=6
2026-05-27T20:55:26+03:00 chrome-trim term pid=1984670 count=17 rss_kb=1930780
2026-05-27T20:55:32+03:00 observed reason=starvation-signals-5, pid=1910727 rss_kb=1137900 app_servers=8 health_ms=1022 signals=5
2026-05-27T20:57:46+03:00 observed reason=starvation-signals-4, pid=1910727 rss_kb=1211864 app_servers=8 health_ms=753 signals=4
2026-05-27T20:59:54+03:00 chrome-trim term pid=1985894 count=17 rss_kb=1940008
2026-05-27T21:00:08+03:00 health-fail count=1 pid=1910727 http=000 ms=6149 app_servers=8
2026-05-27T21:02:19+03:00 restart-deferred reason=slow-health-4991ms active_app_servers=8
2026-05-27T21:02:19+03:00 observed reason=slow-health-4991ms,starvation-signals-7, pid=1910727 rss_kb=1234308 app_servers=8 health_ms=4991 signals=7
2026-05-27T21:04:34+03:00 chrome-trim term pid=1987163 count=17 rss_kb=1957788
2026-05-27T21:04:42+03:00 observed reason=starvation-signals-4, pid=1910727 rss_kb=1192648 app_servers=8 health_ms=1548 signals=4
2026-05-27T21:06:56+03:00 observed reason=starvation-signals-3, pid=1988434 rss_kb=1058184 app_servers=0 health_ms=1281 signals=3
2026-05-27T21:09:20+03:00 health-fail count=1 pid=1988434 http=000 ms=6006 app_servers=0
2026-05-27T21:11:40+03:00 restart-deferred reason=slow-health-5684ms active_app_servers=2
2026-05-27T21:11:40+03:00 observed reason=slow-health-5684ms, pid=1988434 rss_kb=1140876 app_servers=2 health_ms=5684 signals=2
2026-05-27T21:16:20+03:00 health-fail count=1 pid=1988434 http=000 ms=6006 app_servers=4
2026-05-27T21:18:34+03:00 observed reason=starvation-signals-3, pid=1988434 rss_kb=1051776 app_servers=4 health_ms=2 signals=3
2026-05-27T21:20:56+03:00 observed reason=starvation-signals-3, pid=1988434 rss_kb=1491860 app_servers=4 health_ms=51 signals=3
2026-05-27T21:34:59+03:00 restart-deferred reason=slow-health-4135ms active_app_servers=6
2026-05-27T21:34:59+03:00 observed reason=slow-health-4135ms, pid=1988434 rss_kb=928244 app_servers=6 health_ms=4135 signals=1
2026-05-27T21:39:34+03:00 chrome-trim term pid=1988317 count=16 rss_kb=2288204
2026-05-27T21:46:34+03:00 chrome-trim term pid=1996015 count=16 rss_kb=1927636
2026-05-27T21:48:54+03:00 chrome-trim term pid=1997944 count=17 rss_kb=1961300
2026-05-27T21:51:14+03:00 chrome-trim term pid=1998709 count=17 rss_kb=1971704
2026-05-27T21:53:34+03:00 chrome-trim term pid=1999403 count=17 rss_kb=1973384
2026-05-27T21:55:55+03:00 chrome-trim term pid=2000062 count=18 rss_kb=2550652
2026-05-27T21:58:14+03:00 chrome-trim term pid=2000760 count=18 rss_kb=2086632
2026-05-27T22:00:34+03:00 chrome-trim term pid=2001420 count=17 rss_kb=1959596
2026-05-27T22:02:55+03:00 chrome-trim term pid=2002434 count=19 rss_kb=2650160
2026-05-27T22:03:06+03:00 health-fail count=1 pid=1988434 http=000 ms=6006 app_servers=6
2026-05-27T22:05:15+03:00 chrome-trim term pid=2003159 count=17 rss_kb=1939772
2026-05-27T22:07:34+03:00 chrome-trim term pid=2003919 count=17 rss_kb=1958796
2026-05-27T22:12:14+03:00 chrome-trim term pid=2004670 count=16 rss_kb=2053676
2026-05-27T22:12:26+03:00 health-fail count=1 pid=1988434 http=000 ms=6003 app_servers=6
2026-05-27T22:14:34+03:00 chrome-trim term pid=2005946 count=17 rss_kb=1973588
2026-05-27T22:16:54+03:00 chrome-trim term pid=2006753 count=18 rss_kb=2112200
2026-05-27T22:19:16+03:00 chrome-trim term pid=2007538 count=18 rss_kb=2315128
2026-05-27T22:21:35+03:00 chrome-trim term pid=2008242 count=18 rss_kb=2526004
2026-05-27T22:23:55+03:00 chrome-trim term pid=2008956 count=20 rss_kb=3021224
2026-05-27T22:26:15+03:00 chrome-trim term pid=2009779 count=19 rss_kb=2902204
2026-05-27T22:28:34+03:00 chrome-trim term pid=2010476 count=17 rss_kb=1949456
2026-05-27T22:30:54+03:00 chrome-trim term pid=2011109 count=18 rss_kb=2605612
2026-05-27T22:33:14+03:00 chrome-trim term pid=2011810 count=18 rss_kb=2160588
2026-05-27T22:35:34+03:00 chrome-trim term pid=2012568 count=17 rss_kb=1964676
2026-05-27T22:35:46+03:00 health-fail count=1 pid=1988434 http=000 ms=6006 app_servers=6
2026-05-27T22:37:54+03:00 chrome-trim term pid=2013102 count=18 rss_kb=2306420
2026-05-27T22:38:06+03:00 health-fail count=2 pid=1988434 http=000 ms=6006 app_servers=6
2026-05-27T22:38:06+03:00 restart-deferred reason=health-failures:2:http-000 active_app_servers=6
2026-05-27T22:40:20+03:00 health-fail count=3 pid=1988434 http=000 ms=6005 app_servers=6
2026-05-27T22:40:20+03:00 restart-deferred reason=health-failures:3:http-000 active_app_servers=6
2026-05-27T22:42:35+03:00 chrome-trim term pid=2013998 count=18 rss_kb=2284660
2026-05-27T22:42:46+03:00 restart-deferred reason=slow-health-5967ms active_app_servers=6
2026-05-27T22:42:46+03:00 observed reason=slow-health-5967ms, pid=1988434 rss_kb=1279580 app_servers=6 health_ms=5967 signals=0
2026-05-27T22:44:54+03:00 health-fail count=1 pid=none http=000 ms=0 app_servers=0
2026-05-28T00:29:34+03:00 chrome-trim term pid=2015308 count=21 rss_kb=3410244
2026-05-28T00:31:54+03:00 chrome-trim term pid=2041586 count=14 rss_kb=1901192
2026-05-28T00:38:54+03:00 chrome-trim term pid=2042152 count=19 rss_kb=2935628
2026-05-28T00:41:01+03:00 chrome-trim term pid=2043106 count=20 rss_kb=3280448
2026-05-28T00:43:14+03:00 chrome-trim term pid=2043756 count=21 rss_kb=3632628
2026-05-28T00:45:34+03:00 chrome-trim term pid=2044539 count=21 rss_kb=3675656
2026-05-28T00:47:55+03:00 chrome-trim term pid=2045390 count=20 rss_kb=3601076
2026-05-28T00:50:15+03:00 chrome-trim term pid=2046178 count=22 rss_kb=4516936
2026-05-28T00:52:34+03:00 chrome-trim term pid=2047079 count=22 rss_kb=4194748
2026-05-28T00:54:55+03:00 chrome-trim term pid=2047962 count=21 rss_kb=3797996
2026-05-28T00:57:14+03:00 chrome-trim term pid=2048845 count=19 rss_kb=2936404
2026-05-28T01:01:54+03:00 chrome-trim term pid=2049512 count=16 rss_kb=2146844
2026-05-28T01:08:55+03:00 chrome-trim term pid=2050560 count=23 rss_kb=4624276
2026-05-28T01:11:14+03:00 chrome-trim term pid=2051704 count=20 rss_kb=3745380
2026-05-28T01:13:34+03:00 chrome-trim term pid=2052478 count=21 rss_kb=3829304
2026-05-28T01:22:55+03:00 chrome-trim term pid=2053224 count=15 rss_kb=2292708
2026-05-28T01:27:34+03:00 chrome-trim term pid=2054544 count=16 rss_kb=2166856
2026-05-28T01:29:54+03:00 chrome-trim term pid=2055604 count=17 rss_kb=2424044
2026-05-28T01:50:54+03:00 chrome-trim term pid=2056487 count=16 rss_kb=2244180
2026-05-28T02:09:15+03:00 chrome-trim term pid=2058456 count=12 rss_kb=1967884
2026-05-28T02:11:34+03:00 chrome-trim term pid=2063434 count=19 rss_kb=2991680
2026-05-28T02:13:54+03:00 chrome-trim term pid=2064430 count=19 rss_kb=3184864
2026-05-28T02:16:15+03:00 chrome-trim term pid=2065449 count=20 rss_kb=3420260
2026-05-28T02:18:34+03:00 chrome-trim term pid=2066665 count=19 rss_kb=3042796
2026-05-28T02:20:52+03:00 chrome-trim term pid=2067646 count=20 rss_kb=3227772
2026-05-28T02:22:56+03:00 chrome-trim term pid=2068821 count=20 rss_kb=3196852
2026-05-28T02:25:14+03:00 chrome-trim term pid=2069867 count=23 rss_kb=4267568
2026-05-28T02:27:36+03:00 chrome-trim term pid=2070882 count=22 rss_kb=4435340
2026-05-28T02:29:55+03:00 chrome-trim term pid=2072185 count=23 rss_kb=5052700
2026-05-28T02:32:14+03:00 chrome-trim term pid=2073670 count=16 rss_kb=2351224
2026-05-28T02:39:14+03:00 chrome-trim term pid=2074477 count=19 rss_kb=2263700
2026-05-28T02:41:35+03:00 chrome-trim term pid=2076254 count=17 rss_kb=2710720
2026-05-28T02:46:14+03:00 chrome-trim term pid=2076972 count=20 rss_kb=3205740
2026-05-28T02:48:35+03:00 chrome-trim term pid=2078596 count=21 rss_kb=3458744
2026-05-28T02:50:55+03:00 chrome-trim term pid=2079841 count=19 rss_kb=3071832
2026-05-28T02:53:15+03:00 chrome-trim term pid=2080936 count=19 rss_kb=3154892
2026-05-28T02:55:35+03:00 chrome-trim term pid=2081917 count=19 rss_kb=3003236
2026-05-28T02:57:55+03:00 chrome-trim term pid=2092033 count=19 rss_kb=2851256
2026-05-28T03:00:15+03:00 chrome-trim term pid=2110925 count=19 rss_kb=3049548
2026-05-28T03:02:35+03:00 chrome-trim term pid=2116563 count=19 rss_kb=3068184
2026-05-28T03:04:56+03:00 chrome-trim term pid=2126285 count=18 rss_kb=2230764
2026-05-28T03:07:14+03:00 chrome-trim term pid=2127348 count=18 rss_kb=2400512
2026-05-28T03:09:34+03:00 chrome-trim term pid=2128499 count=19 rss_kb=3119716
2026-05-28T03:11:54+03:00 chrome-trim term pid=2129579 count=19 rss_kb=2950796
2026-05-28T03:14:14+03:00 chrome-trim term pid=2130728 count=19 rss_kb=2823480
2026-05-28T03:16:36+03:00 chrome-trim term pid=2131891 count=19 rss_kb=2743620
2026-05-28T03:18:54+03:00 chrome-trim term pid=2133012 count=19 rss_kb=2897916
2026-05-28T03:21:14+03:00 chrome-trim term pid=2134242 count=19 rss_kb=3072188
2026-05-28T03:23:36+03:00 chrome-trim term pid=2135232 count=21 rss_kb=3423024
2026-05-28T03:25:54+03:00 chrome-trim term pid=2136310 count=19 rss_kb=3105024
2026-05-28T03:28:02+03:00 chrome-trim term pid=2137469 count=18 rss_kb=2476784
2026-05-28T03:30:15+03:00 chrome-trim term pid=2138554 count=19 rss_kb=3014360
2026-05-28T03:32:34+03:00 chrome-trim term pid=2139681 count=19 rss_kb=2914960
2026-05-28T03:34:54+03:00 chrome-trim term pid=2141220 count=19 rss_kb=3024856
2026-05-28T03:37:14+03:00 chrome-trim term pid=2142196 count=20 rss_kb=3133008
2026-05-28T03:39:34+03:00 chrome-trim term pid=2143139 count=18 rss_kb=2428376
2026-05-28T03:41:55+03:00 chrome-trim term pid=2143977 count=19 rss_kb=2812848
2026-05-28T03:44:16+03:00 chrome-trim term pid=2145084 count=19 rss_kb=3255748
2026-05-28T03:46:34+03:00 chrome-trim term pid=2146029 count=19 rss_kb=2930772
2026-05-28T03:48:54+03:00 chrome-trim term pid=2147147 count=19 rss_kb=3096132
2026-05-28T03:51:14+03:00 chrome-trim term pid=2148222 count=19 rss_kb=2656556
2026-05-28T03:53:36+03:00 chrome-trim term pid=2149150 count=19 rss_kb=3232584
2026-05-28T03:55:54+03:00 chrome-trim term pid=2150101 count=19 rss_kb=3080968
2026-05-28T03:58:14+03:00 chrome-trim term pid=2151189 count=18 rss_kb=2614488
2026-05-28T04:00:34+03:00 chrome-trim term pid=2152136 count=20 rss_kb=3253656
2026-05-28T04:02:54+03:00 chrome-trim term pid=2153420 count=20 rss_kb=3204400
2026-05-28T04:05:15+03:00 chrome-trim term pid=2154455 count=19 rss_kb=3087876
2026-05-28T04:07:34+03:00 chrome-trim term pid=2155627 count=19 rss_kb=3011888
2026-05-28T04:12:14+03:00 chrome-trim term pid=2156459 count=15 rss_kb=2271120
2026-05-28T04:21:36+03:00 chrome-trim term pid=2157057 count=24 rss_kb=4070640
2026-05-28T04:26:15+03:00 chrome-trim term pid=2159378 count=12 rss_kb=1894840
2026-05-28T04:28:34+03:00 chrome-trim term pid=2160754 count=19 rss_kb=2653032
2026-05-28T04:30:54+03:00 chrome-trim term pid=2161872 count=19 rss_kb=3162776
2026-05-28T04:33:15+03:00 chrome-trim term pid=2162881 count=20 rss_kb=3242400
2026-05-28T04:35:35+03:00 chrome-trim term pid=2163841 count=21 rss_kb=3073032
2026-05-28T04:37:54+03:00 chrome-trim term pid=2164922 count=19 rss_kb=2880900
2026-05-28T04:47:14+03:00 chrome-trim term pid=2165633 count=13 rss_kb=2029856
2026-05-28T04:49:35+03:00 chrome-trim term pid=2166892 count=19 rss_kb=3326220
2026-05-28T04:51:54+03:00 chrome-trim term pid=2168064 count=19 rss_kb=3027316
2026-05-28T04:54:15+03:00 chrome-trim term pid=2169062 count=19 rss_kb=3212196
2026-05-28T04:56:34+03:00 chrome-trim term pid=2169955 count=18 rss_kb=2432808
2026-05-28T04:58:54+03:00 chrome-trim term pid=2171397 count=19 rss_kb=2650996
2026-05-28T05:01:14+03:00 chrome-trim term pid=2172591 count=20 rss_kb=3160632
2026-05-28T05:03:34+03:00 chrome-trim term pid=2173778 count=18 rss_kb=2124896
2026-05-28T05:03:45+03:00 restart-deferred reason=slow-health-5198ms active_app_servers=8
2026-05-28T05:03:45+03:00 observed reason=slow-health-5198ms, pid=2020808 rss_kb=969944 app_servers=8 health_ms=5198 signals=1
2026-05-28T10:53:18+03:00 restart-deferred reason=slow-health-3061ms active_app_servers=8
2026-05-28T10:53:18+03:00 observed reason=slow-health-3061ms, pid=2020808 rss_kb=965616 app_servers=8 health_ms=3061 signals=0
2026-05-28T12:00:20+03:00 restart-deferred reason=slow-health-4018ms active_app_servers=8
2026-05-28T12:00:20+03:00 observed reason=slow-health-4018ms, pid=2020808 rss_kb=1018524 app_servers=8 health_ms=4018 signals=1
2026-05-28T12:04:36+03:00 health-fail count=1 pid=2020808 http=000 ms=6037 app_servers=8
2026-05-28T12:36:56+03:00 degraded count=1 reason=app-server-count-10, pid=2020808 rss_kb=843276 app_servers=10 health_ms=1289 signals=0
2026-05-28T12:39:15+03:00 degraded count=2 reason=app-server-count-10, pid=2020808 rss_kb=842272 app_servers=10 health_ms=506 signals=0
2026-05-28T12:39:15+03:00 restart-gateway reason=degraded:app-server-count-10,
2026-05-28T12:39:33+03:00 post-restart health=000 6003
2026-05-28T13:27:55+03:00 chrome-trim term pid=2174379 count=18 rss_kb=3015360
2026-05-28T13:30:13+03:00 chrome-trim term pid=2220133 count=21 rss_kb=4289868
2026-05-28T13:32:24+03:00 chrome-trim term pid=2221086 count=19 rss_kb=2924640
2026-05-28T13:34:44+03:00 chrome-trim term pid=2222013 count=19 rss_kb=2961644
2026-05-28T13:36:54+03:00 chrome-trim term pid=2222804 count=12 rss_kb=1801004
2026-05-28T13:46:14+03:00 chrome-trim term pid=2223370 count=17 rss_kb=2099920
2026-05-28T13:48:34+03:00 chrome-trim term pid=2224814 count=18 rss_kb=2459068
2026-05-28T13:50:54+03:00 chrome-trim term pid=2225719 count=18 rss_kb=2457588
2026-05-28T13:53:14+03:00 chrome-trim term pid=2226595 count=20 rss_kb=3195700
2026-05-28T13:55:34+03:00 chrome-trim term pid=2227552 count=19 rss_kb=2978056
2026-05-28T13:57:55+03:00 chrome-trim term pid=2228683 count=19 rss_kb=2671516
2026-05-28T14:00:13+03:00 chrome-trim term pid=2229576 count=19 rss_kb=2633100
2026-05-28T14:02:24+03:00 chrome-trim term pid=2230713 count=18 rss_kb=2589684
2026-05-28T14:02:30+03:00 degraded count=1 reason=app-server-count-10, pid=2204580 rss_kb=1063428 app_servers=10 health_ms=3 signals=0
2026-05-28T14:04:46+03:00 chrome-trim term pid=2232026 count=21 rss_kb=3806508
2026-05-28T14:04:52+03:00 degraded count=2 reason=app-server-count-10, pid=2204580 rss_kb=1148224 app_servers=10 health_ms=1130 signals=1
2026-05-28T14:04:52+03:00 restart-gateway reason=degraded:app-server-count-10,
2026-05-28T14:05:19+03:00 post-restart health=000 6006
2026-05-28T14:30:14+03:00 chrome-trim term pid=2233292 count=20 rss_kb=3368308
2026-05-28T14:32:24+03:00 chrome-trim term pid=2235423 count=19 rss_kb=2968184
2026-05-28T14:34:44+03:00 chrome-trim term pid=2236052 count=19 rss_kb=3078000
2026-05-28T14:36:56+03:00 chrome-trim term pid=2236679 count=21 rss_kb=3105188
2026-05-28T14:39:15+03:00 chrome-trim term pid=2237346 count=20 rss_kb=3539892
2026-05-28T14:41:35+03:00 chrome-trim term pid=2238044 count=19 rss_kb=2942064
2026-05-28T14:43:43+03:00 chrome-trim term pid=2238663 count=20 rss_kb=3217512
2026-05-28T14:45:56+03:00 chrome-trim term pid=2239384 count=20 rss_kb=3615684
2026-05-28T14:48:14+03:00 chrome-trim term pid=2240129 count=20 rss_kb=3470188
2026-05-28T14:50:35+03:00 chrome-trim term pid=2240833 count=21 rss_kb=3466560
2026-05-28T14:52:55+03:00 chrome-trim term pid=2241525 count=21 rss_kb=3607292
2026-05-28T14:55:14+03:00 chrome-trim term pid=2242227 count=20 rss_kb=3441068
2026-05-28T14:57:36+03:00 chrome-trim term pid=2242963 count=24 rss_kb=4727932
2026-05-28T14:59:56+03:00 chrome-trim term pid=2243800 count=22 rss_kb=4214304
2026-05-28T15:02:15+03:00 chrome-trim term pid=2244927 count=23 rss_kb=4885624
2026-05-28T15:02:20+03:00 observed reason=starvation-signals-3, pid=2233411 rss_kb=999964 app_servers=4 health_ms=2 signals=3
2026-05-28T15:04:37+03:00 chrome-trim term pid=2246319 count=25 rss_kb=5785032
2026-05-28T15:06:57+03:00 chrome-trim term pid=2247679 count=23 rss_kb=5042432
2026-05-28T15:09:16+03:00 chrome-trim term pid=2249073 count=23 rss_kb=4915932
2026-05-28T15:11:36+03:00 chrome-trim term pid=2250411 count=26 rss_kb=5872084
2026-05-28T15:13:54+03:00 chrome-trim term pid=2251806 count=20 rss_kb=3603100
2026-05-28T15:16:15+03:00 chrome-trim term pid=2253030 count=21 rss_kb=4301748
2026-05-28T15:18:36+03:00 chrome-trim term pid=2254030 count=21 rss_kb=3897512
2026-05-28T15:20:55+03:00 chrome-trim term pid=2255061 count=24 rss_kb=4849108
2026-05-28T15:23:17+03:00 chrome-trim term pid=2255985 count=22 rss_kb=4138956
2026-05-28T15:25:34+03:00 chrome-trim term pid=2256925 count=19 rss_kb=2847396
2026-05-28T15:32:24+03:00 chrome-trim term pid=2257588 count=16 rss_kb=2358944
2026-05-28T15:43:55+03:00 chrome-trim term pid=2260191 count=20 rss_kb=3408912
2026-05-28T15:46:14+03:00 chrome-trim term pid=2262261 count=20 rss_kb=3374120
2026-05-28T15:48:34+03:00 chrome-trim term pid=2263355 count=20 rss_kb=3337396
2026-05-28T15:50:55+03:00 chrome-trim term pid=2264525 count=19 rss_kb=2698428
2026-05-28T15:53:15+03:00 chrome-trim term pid=2265584 count=19 rss_kb=2944504
2026-05-28T15:55:34+03:00 chrome-trim term pid=2266505 count=20 rss_kb=3164276
2026-05-28T16:00:16+03:00 chrome-trim term pid=2267534 count=19 rss_kb=3496820
2026-05-28T16:02:24+03:00 chrome-trim term pid=2269352 count=19 rss_kb=2823136
2026-05-28T16:04:46+03:00 chrome-trim term pid=2270573 count=20 rss_kb=3254452
2026-05-28T16:06:54+03:00 chrome-trim term pid=2271613 count=18 rss_kb=2459740
2026-05-28T16:09:14+03:00 chrome-trim term pid=2272445 count=19 rss_kb=3199632
2026-05-28T16:11:35+03:00 chrome-trim term pid=2273419 count=21 rss_kb=3311476
2026-05-28T16:13:54+03:00 chrome-trim term pid=2274415 count=19 rss_kb=2627192
2026-05-28T16:25:30+03:00 health-fail count=1 pid=2233411 http=000 ms=6024 app_servers=6
2026-05-28T17:50:54+03:00 chrome-trim term pid=2275379 count=17 rss_kb=2014980
2026-05-28T17:55:35+03:00 observed reason=starvation-signals-6, pid=2233411 rss_kb=1051388 app_servers=6 health_ms=2 signals=6
2026-05-28T21:24:44+03:00 health-fail count=1 pid=none http=200 ms=3 app_servers=0
2026-05-28T21:26:54+03:00 health-fail count=2 pid=none http=200 ms=4 app_servers=0
2026-05-28T21:26:54+03:00 restart-gateway reason=health-failures:2:http-200
2026-05-28T21:27:08+03:00 post-restart health=200 5499
2026-05-29T00:02:34+03:00 health-fail count=1 pid=none http=200 ms=3 app_servers=2
2026-05-29T00:04:55+03:00 health-fail count=2 pid=none http=200 ms=7 app_servers=2
2026-05-29T00:04:55+03:00 restart-deferred reason=health-failures:2:http-200 active_app_servers=2
2026-05-29T00:07:08+03:00 health-fail count=3 pid=none http=200 ms=175 app_servers=2
2026-05-29T00:07:08+03:00 restart-deferred reason=health-failures:3:http-200 active_app_servers=2
2026-05-29T00:09:24+03:00 health-fail count=4 pid=none http=200 ms=3 app_servers=0
2026-05-29T00:09:24+03:00 restart-gateway reason=health-failures:4:http-200
2026-05-29T00:09:38+03:00 post-restart health=200 5516
2026-05-29T01:44:20+03:00 restart-deferred reason=slow-health-4925ms active_app_servers=2
2026-05-29T01:44:20+03:00 observed reason=slow-health-4925ms, pid=2333127 rss_kb=1737004 app_servers=2 health_ms=4925 signals=0
2026-05-29T18:02:16+03:00 degraded count=1 reason=app-server-count-10, pid=2420052 rss_kb=1386660 app_servers=10 health_ms=8 signals=0
2026-05-29T18:04:36+03:00 recovered pid=2420052 rss_kb=1838096 app_servers=8 health_ms=110 signals=0
2026-05-29T18:46:20+03:00 health-fail count=1 pid=2420052 http=000 ms=6006 app_servers=8
2026-05-29T20:42:34+03:00 chrome-trim term pid=2284078 count=18 rss_kb=1764988
2026-05-29T21:08:14+03:00 chrome-trim term pid=2560259 count=22 rss_kb=3040392
2026-05-29T21:10:35+03:00 chrome-trim term pid=2567258 count=21 rss_kb=3066636
2026-05-29T21:12:54+03:00 chrome-trim term pid=2569449 count=19 rss_kb=2685388
2026-05-29T21:15:15+03:00 chrome-trim term pid=2571716 count=18 rss_kb=2345412
2026-05-29T21:17:35+03:00 chrome-trim term pid=2574037 count=17 rss_kb=2106928
2026-05-29T21:19:55+03:00 chrome-trim term pid=2576241 count=17 rss_kb=2095148
2026-05-29T22:43:54+03:00 observed reason=starvation-signals-5, pid=2420052 rss_kb=888624 app_servers=8 health_ms=2 signals=5
2026-05-29T23:00:19+03:00 restart-deferred reason=slow-health-3034ms active_app_servers=8
2026-05-29T23:00:19+03:00 observed reason=slow-health-3034ms, pid=2420052 rss_kb=861828 app_servers=8 health_ms=3034 signals=2
2026-05-30T04:09:39+03:00 restart-deferred reason=slow-health-4039ms active_app_servers=8
2026-05-30T04:09:39+03:00 observed reason=slow-health-4039ms, pid=2420052 rss_kb=1413664 app_servers=8 health_ms=4039 signals=0
2026-05-30T11:02:15+03:00 degraded count=1 reason=app-server-count-10, pid=2420052 rss_kb=981084 app_servers=10 health_ms=670 signals=0
2026-05-30T11:04:36+03:00 degraded count=2 reason=app-server-count-10, pid=2420052 rss_kb=951908 app_servers=10 health_ms=820 signals=0
2026-05-30T11:04:36+03:00 restart-gateway reason=degraded:app-server-count-10,
2026-05-30T11:04:52+03:00 post-restart health=000 6005
2026-05-30T11:22:54+03:00 chrome-trim term pid=2578451 count=21 rss_kb=2169248
2026-05-30T11:25:14+03:00 chrome-trim term pid=2721818 count=18 rss_kb=2285348
2026-05-30T11:34:14+03:00 chrome-trim term pid=2723903 count=16 rss_kb=1847312
2026-05-30T11:36:34+03:00 chrome-trim term pid=2727579 count=16 rss_kb=1806080
2026-05-30T13:19:14+03:00 chrome-trim term pid=2728664 count=16 rss_kb=1852856
2026-05-30T16:16:34+03:00 degraded count=1 reason=app-server-count-10, pid=2716704 rss_kb=1071372 app_servers=10 health_ms=2 signals=0
2026-05-30T16:18:54+03:00 degraded count=2 reason=app-server-count-10, pid=2716704 rss_kb=825624 app_servers=10 health_ms=3 signals=0
2026-05-30T16:18:54+03:00 restart-gateway reason=degraded:app-server-count-10,
2026-05-30T16:19:11+03:00 post-restart health=000 6006
2026-05-30T17:32:54+03:00 chrome-trim term pid=2750764 count=16 rss_kb=1982168
2026-05-30T20:27:34+03:00 chrome-trim term pid=2787388 count=16 rss_kb=1906252
2026-05-31T02:35:40+03:00 health-fail count=1 pid=2780219 http=000 ms=6005 app_servers=4
2026-05-31T08:11:14+03:00 degraded count=1 reason=app-server-count-10, pid=2780219 rss_kb=1170616 app_servers=10 health_ms=2 signals=0
2026-05-31T08:13:35+03:00 degraded count=2 reason=app-server-count-10, pid=2780219 rss_kb=1154336 app_servers=10 health_ms=163 signals=0
2026-05-31T08:13:35+03:00 restart-gateway reason=degraded:app-server-count-10,
2026-05-31T08:13:52+03:00 post-restart health=000 6006
2026-05-31T11:52:34+03:00 health-fail count=1 pid=none http=000 ms=0 app_servers=0
2026-05-31T13:51:34+03:00 degraded count=1 reason=app-server-count-10, pid=2981113 rss_kb=904748 app_servers=10 health_ms=2 signals=0
2026-05-31T13:53:54+03:00 degraded count=2 reason=app-server-count-10, pid=2981113 rss_kb=885772 app_servers=10 health_ms=2 signals=2
2026-05-31T13:53:54+03:00 restart-gateway reason=degraded:app-server-count-10,
2026-05-31T13:54:06+03:00 post-restart health=200 2350
2026-05-31T15:12:54+03:00 observed reason=starvation-signals-6, pid=3010394 rss_kb=849328 app_servers=8 health_ms=2 signals=6
2026-05-31T15:15:14+03:00 observed reason=starvation-signals-4, pid=3010394 rss_kb=839448 app_servers=8 health_ms=2 signals=4
2026-05-31T15:45:34+03:00 degraded count=1 reason=app-server-count-10, pid=3010394 rss_kb=860180 app_servers=10 health_ms=2 signals=0
2026-05-31T15:47:54+03:00 degraded count=2 reason=app-server-count-10, pid=3010394 rss_kb=873832 app_servers=10 health_ms=2 signals=0
2026-05-31T15:47:54+03:00 restart-gateway reason=degraded:app-server-count-10,
2026-05-31T15:48:10+03:00 post-restart health=000 6006
2026-05-31T18:00:15+03:00 degraded count=1 reason=app-server-count-10, pid=3035378 rss_kb=731432 app_servers=10 health_ms=3 signals=0
2026-05-31T18:02:35+03:00 degraded count=2 reason=app-server-count-10, pid=3035378 rss_kb=744036 app_servers=10 health_ms=94 signals=0
2026-05-31T18:02:35+03:00 restart-gateway reason=degraded:app-server-count-10,
2026-05-31T18:02:47+03:00 post-restart health=200 2416
2026-05-31T18:56:45+03:00 health-fail count=1 pid=none http=000 ms=0 app_servers=0
2026-05-31T19:28:21+03:00 health-fail count=1 pid=none http=000 ms=0 app_servers=0
2026-05-31T19:30:28+03:00 health-fail count=2 pid=none http=000 ms=0 app_servers=0
2026-05-31T19:30:28+03:00 restart-gateway reason=health-failures:2:http-000
2026-05-31T19:30:37+03:00 post-restart health=000 340
2026-05-31T19:32:30+03:00 health-fail count=1 pid=none http=000 ms=0 app_servers=0
2026-05-31T19:34:36+03:00 health-fail count=2 pid=none http=000 ms=0 app_servers=0
2026-05-31T19:34:36+03:00 restart-gateway reason=health-failures:2:http-000
2026-05-31T19:34:44+03:00 post-restart health=000 197
2026-05-31T19:36:37+03:00 health-fail count=1 pid=none http=000 ms=0 app_servers=0
2026-05-31T19:38:43+03:00 health-fail count=2 pid=none http=000 ms=0 app_servers=0
2026-05-31T19:38:43+03:00 restart-gateway reason=health-failures:2:http-000
2026-05-31T19:38:52+03:00 post-restart health=000 0
2026-05-31T19:40:46+03:00 health-fail count=1 pid=none http=000 ms=0 app_servers=0
2026-05-31T19:42:51+03:00 health-fail count=2 pid=none http=000 ms=0 app_servers=0
2026-05-31T19:42:51+03:00 restart-gateway reason=health-failures:2:http-000
2026-05-31T19:43:00+03:00 post-restart health=000 250
2026-05-31T19:44:54+03:00 health-fail count=1 pid=none http=000 ms=0 app_servers=0
2026-05-31T19:46:56+03:00 health-fail count=2 pid=none http=000 ms=0 app_servers=0
2026-05-31T19:46:56+03:00 restart-gateway reason=health-failures:2:http-000
2026-05-31T19:47:06+03:00 post-restart health=000 450
2026-05-31T20:18:38+03:00 health-fail count=1 pid=none http=000 ms=0 app_servers=0
2026-05-31T20:20:40+03:00 health-fail count=2 pid=none http=000 ms=0 app_servers=0
2026-05-31T20:20:40+03:00 restart-gateway reason=health-failures:2:http-000
2026-05-31T20:20:49+03:00 post-restart health=000 73
2026-05-31T20:22:54+03:00 health-fail count=1 pid=none http=000 ms=0 app_servers=0
2026-05-31T20:24:55+03:00 health-fail count=2 pid=none http=000 ms=0 app_servers=0
2026-05-31T20:24:55+03:00 restart-gateway reason=health-failures:2:http-000
2026-05-31T20:25:04+03:00 post-restart health=000 0
2026-05-31T20:27:14+03:00 health-fail count=1 pid=none http=000 ms=0 app_servers=0
2026-05-31T20:29:34+03:00 health-fail count=2 pid=none http=000 ms=0 app_servers=0
2026-05-31T20:29:34+03:00 restart-gateway reason=health-failures:2:http-000
2026-05-31T20:29:43+03:00 post-restart health=000 0
2026-05-31T20:31:36+03:00 health-fail count=1 pid=none http=000 ms=0 app_servers=0
2026-05-31T20:33:42+03:00 health-fail count=2 pid=none http=000 ms=0 app_servers=0
2026-05-31T20:33:42+03:00 restart-gateway reason=health-failures:2:http-000
2026-05-31T20:33:50+03:00 post-restart health=000 0
2026-05-31T20:35:44+03:00 health-fail count=1 pid=none http=000 ms=0 app_servers=0
2026-05-31T20:37:48+03:00 health-fail count=2 pid=none http=000 ms=0 app_servers=0
2026-05-31T20:37:48+03:00 restart-gateway reason=health-failures:2:http-000
2026-05-31T20:37:57+03:00 post-restart health=000 0
2026-05-31T20:39:54+03:00 health-fail count=1 pid=none http=000 ms=0 app_servers=0
2026-05-31T20:42:14+03:00 health-fail count=2 pid=none http=000 ms=0 app_servers=0
2026-05-31T20:42:14+03:00 restart-gateway reason=health-failures:2:http-000
2026-05-31T20:42:23+03:00 post-restart health=000 0
2026-05-31T20:44:34+03:00 health-fail count=1 pid=none http=000 ms=0 app_servers=0
2026-05-31T20:46:54+03:00 health-fail count=2 pid=none http=000 ms=0 app_servers=0
2026-05-31T20:46:54+03:00 restart-gateway reason=health-failures:2:http-000
2026-05-31T20:47:03+03:00 post-restart health=200 33
2026-05-31T21:33:14+03:00 observed reason=starvation-signals-3, pid=3199613 rss_kb=818132 app_servers=6 health_ms=2 signals=3
2026-05-31T21:35:34+03:00 observed reason=starvation-signals-6, pid=3199613 rss_kb=805584 app_servers=6 health_ms=2 signals=6
2026-05-31T21:37:54+03:00 observed reason=starvation-signals-3, pid=3199613 rss_kb=806504 app_servers=6 health_ms=2 signals=3
2026-05-31T23:25:15+03:00 degraded count=1 reason=app-server-count-10, pid=3199613 rss_kb=708464 app_servers=10 health_ms=2 signals=0
2026-05-31T23:27:34+03:00 degraded count=2 reason=app-server-count-10, pid=3199613 rss_kb=702544 app_servers=10 health_ms=32 signals=0
2026-05-31T23:27:35+03:00 restart-gateway reason=degraded:app-server-count-10,
2026-05-31T23:27:52+03:00 post-restart health=000 6006
2026-06-01T03:30:14+03:00 observed reason=starvation-signals-3, pid=3268125 rss_kb=625836 app_servers=8 health_ms=3 signals=3
2026-06-01T03:32:34+03:00 observed reason=starvation-signals-6, pid=3268125 rss_kb=645876 app_servers=8 health_ms=2 signals=6
2026-06-01T03:34:55+03:00 observed reason=starvation-signals-3, pid=3268125 rss_kb=667408 app_servers=8 health_ms=107 signals=3
2026-06-01T07:46:34+03:00 degraded count=1 reason=app-server-count-10, pid=3268125 rss_kb=759880 app_servers=10 health_ms=2 signals=0
2026-06-01T07:48:54+03:00 degraded count=2 reason=app-server-count-10, pid=3268125 rss_kb=759888 app_servers=10 health_ms=2 signals=0
2026-06-01T07:48:54+03:00 restart-gateway reason=degraded:app-server-count-10,
2026-06-01T07:49:11+03:00 post-restart health=000 6005
2026-06-01T09:45:34+03:00 observed reason=starvation-signals-3, pid=3507035 rss_kb=777548 app_servers=6 health_ms=2 signals=3
2026-06-01T10:48:34+03:00 degraded count=1 reason=app-server-count-10, pid=3507035 rss_kb=786104 app_servers=10 health_ms=2 signals=0
2026-06-01T10:50:55+03:00 degraded count=2 reason=app-server-count-10, pid=3507035 rss_kb=782832 app_servers=10 health_ms=3 signals=0
2026-06-01T10:50:55+03:00 restart-gateway reason=degraded:app-server-count-10,
2026-06-01T10:51:08+03:00 post-restart health=200 2110
2026-06-01T12:06:54+03:00 degraded count=1 reason=app-server-count-10, pid=3563518 rss_kb=991780 app_servers=10 health_ms=3 signals=0
2026-06-01T12:09:15+03:00 degraded count=2 reason=app-server-count-10, pid=3563518 rss_kb=784428 app_servers=10 health_ms=7 signals=0
2026-06-01T12:09:15+03:00 restart-gateway reason=degraded:app-server-count-10,
2026-06-01T12:09:25+03:00 post-restart health=200 442
2026-06-01T15:27:55+03:00 degraded count=1 reason=app-server-count-10, pid=3579130 rss_kb=975024 app_servers=10 health_ms=146 signals=0
2026-06-01T15:30:13+03:00 degraded count=2 reason=app-server-count-10, pid=3579130 rss_kb=997556 app_servers=10 health_ms=54 signals=0
2026-06-01T15:30:13+03:00 restart-gateway reason=degraded:app-server-count-10,
2026-06-01T15:30:32+03:00 post-restart health=200 5881
2026-06-01T18:51:14+03:00 degraded count=1 reason=app-server-count-10, pid=3670791 rss_kb=821612 app_servers=10 health_ms=2 signals=0
2026-06-01T18:53:35+03:00 degraded count=2 reason=app-server-count-10, pid=3670791 rss_kb=821436 app_servers=10 health_ms=3 signals=0
2026-06-01T18:53:35+03:00 restart-gateway reason=degraded:app-server-count-10,
2026-06-01T18:53:48+03:00 post-restart health=200 2435
2026-06-02T04:30:54+03:00 degraded count=1 reason=app-server-count-10, pid=3798257 rss_kb=678496 app_servers=10 health_ms=3 signals=0
2026-06-02T04:33:14+03:00 degraded count=2 reason=app-server-count-10, pid=3798257 rss_kb=694068 app_servers=10 health_ms=3 signals=0
2026-06-02T04:33:14+03:00 restart-gateway reason=degraded:app-server-count-10,
2026-06-02T04:33:27+03:00 post-restart health=200 404
2026-06-02T07:51:14+03:00 degraded count=1 reason=app-server-count-10, pid=3957937 rss_kb=808728 app_servers=10 health_ms=2 signals=0
2026-06-02T07:53:34+03:00 degraded count=2 reason=app-server-count-10, pid=3957937 rss_kb=821088 app_servers=10 health_ms=3 signals=0
2026-06-02T07:53:34+03:00 restart-gateway reason=degraded:app-server-count-10,
2026-06-02T07:53:51+03:00 post-restart health=000 6006
2026-06-02T09:45:55+03:00 observed reason=starvation-signals-4, pid=4031473 rss_kb=792392 app_servers=8 health_ms=117 signals=4
2026-06-02T09:48:14+03:00 observed reason=starvation-signals-6, pid=4031473 rss_kb=853096 app_servers=8 health_ms=2 signals=6
2026-06-02T10:15:48+03:00 chrome-trim term pid=2835063 count=21 rss_kb=1192736
2026-06-02T10:17:54+03:00 chrome-trim term pid=4091618 count=18 rss_kb=1494504
2026-06-02T10:26:44+03:00 chrome-trim term pid=4092439 count=20 rss_kb=1604288
2026-06-02T10:32:54+03:00 chrome-trim term pid=4095521 count=20 rss_kb=1685708
2026-06-02T10:35:09+03:00 chrome-trim term pid=4098801 count=19 rss_kb=1526436
2026-06-02T10:55:34+03:00 chrome-trim term pid=4099381 count=16 rss_kb=2132000
2026-06-02T10:57:55+03:00 degraded count=1 reason=app-server-count-10, pid=4031473 rss_kb=881100 app_servers=10 health_ms=3 signals=0
2026-06-02T11:00:13+03:00 chrome-trim term pid=4104067 count=17 rss_kb=2080812
2026-06-02T11:00:18+03:00 degraded count=2 reason=app-server-count-10, pid=4031473 rss_kb=854600 app_servers=10 health_ms=8 signals=1
2026-06-02T11:00:18+03:00 restart-gateway reason=degraded:app-server-count-10,
2026-06-02T11:00:37+03:00 post-restart health=000 6004
2026-06-02T11:48:24+03:00 chrome-trim term pid=4106263 count=15 rss_kb=1903744
2026-06-02T11:55:14+03:00 chrome-trim term pid=4109370 count=17 rss_kb=2207532
2026-06-02T11:59:54+03:00 chrome-trim term pid=4111378 count=15 rss_kb=1806632
2026-06-02T12:04:34+03:00 chrome-trim term pid=4112121 count=20 rss_kb=2680104
2026-06-02T12:09:14+03:00 degraded count=1 reason=app-server-count-10, pid=4106254 rss_kb=807116 app_servers=10 health_ms=2 signals=0
2026-06-02T12:11:34+03:00 chrome-trim term pid=4114602 count=18 rss_kb=2270996
2026-06-02T12:11:40+03:00 degraded count=2 reason=app-server-count-10, pid=4106254 rss_kb=822472 app_servers=10 health_ms=2 signals=0
2026-06-02T12:11:40+03:00 restart-gateway reason=degraded:app-server-count-10,
2026-06-02T12:11:55+03:00 post-restart health=200 5120
2026-06-02T12:32:24+03:00 chrome-trim term pid=4117425 count=17 rss_kb=2232140
2026-06-02T13:32:25+03:00 observed reason=starvation-signals-6, pid=4117410 rss_kb=788964 app_servers=8 health_ms=4 signals=6
2026-06-02T13:34:45+03:00 observed reason=starvation-signals-5, pid=4117410 rss_kb=799928 app_servers=8 health_ms=3 signals=5
2026-06-02T14:34:44+03:00 degraded count=1 reason=app-server-count-10, pid=4117410 rss_kb=842520 app_servers=10 health_ms=3 signals=0
2026-06-02T14:36:55+03:00 degraded count=2 reason=app-server-count-10, pid=4117410 rss_kb=816696 app_servers=10 health_ms=3 signals=0
2026-06-02T14:36:55+03:00 restart-gateway reason=degraded:app-server-count-10,
2026-06-02T14:37:09+03:00 post-restart health=200 3603
2026-06-02T15:46:15+03:00 degraded count=1 reason=app-server-count-10, pid=4183811 rss_kb=807564 app_servers=10 health_ms=91 signals=0
2026-06-02T15:48:34+03:00 degraded count=2 reason=app-server-count-10, pid=4183811 rss_kb=807580 app_servers=10 health_ms=2 signals=0
2026-06-02T15:48:34+03:00 restart-gateway reason=degraded:app-server-count-10,
2026-06-02T15:48:52+03:00 post-restart health=000 6006
2026-06-03T00:47:54+03:00 degraded count=1 reason=app-server-count-10, pid=5701 rss_kb=697148 app_servers=10 health_ms=2 signals=0
2026-06-03T00:50:15+03:00 degraded count=2 reason=app-server-count-10, pid=5701 rss_kb=697204 app_servers=10 health_ms=308 signals=0
2026-06-03T00:50:15+03:00 restart-gateway reason=degraded:app-server-count-10,
2026-06-03T00:50:34+03:00 post-restart health=000 6005
2026-06-03T03:12:14+03:00 chrome-trim term pid=278994 count=16 rss_kb=2215304
2026-06-03T07:46:54+03:00 degraded count=1 reason=app-server-count-10, pid=209606 rss_kb=684736 app_servers=10 health_ms=3 signals=0
2026-06-03T07:49:15+03:00 degraded count=2 reason=app-server-count-10, pid=209606 rss_kb=681452 app_servers=10 health_ms=53 signals=0
2026-06-03T07:49:15+03:00 restart-gateway reason=degraded:app-server-count-10,
2026-06-03T07:49:34+03:00 post-restart health=000 6006
2026-06-03T14:06:55+03:00 degraded count=1 reason=app-server-count-10, pid=388753 rss_kb=827048 app_servers=10 health_ms=114 signals=0
2026-06-03T14:09:15+03:00 degraded count=2 reason=app-server-count-10, pid=388753 rss_kb=814948 app_servers=10 health_ms=2 signals=0
2026-06-03T14:09:15+03:00 restart-gateway reason=degraded:app-server-count-10,
2026-06-03T14:09:31+03:00 post-restart health=200 3855
2026-06-03T15:46:14+03:00 degraded count=1 reason=app-server-count-10, pid=557306 rss_kb=796904 app_servers=10 health_ms=2 signals=0
2026-06-03T15:48:34+03:00 degraded count=2 reason=app-server-count-10, pid=557306 rss_kb=796612 app_servers=10 health_ms=2 signals=0
2026-06-03T15:48:34+03:00 restart-gateway reason=degraded:app-server-count-10,
2026-06-03T15:48:52+03:00 post-restart health=000 6006
2026-06-04T07:46:00+03:00 health-fail count=1 pid=771620 http=000 ms=6003 app_servers=8
2026-06-04T07:48:14+03:00 degraded count=1 reason=app-server-count-10, pid=771620 rss_kb=669024 app_servers=10 health_ms=1 signals=0
2026-06-04T07:50:35+03:00 degraded count=2 reason=app-server-count-10, pid=771620 rss_kb=672420 app_servers=10 health_ms=1 signals=0
2026-06-04T07:50:35+03:00 restart-gateway reason=degraded:app-server-count-10,
2026-06-04T07:50:53+03:00 post-restart health=000 6004
2026-06-04T10:06:54+03:00 degraded count=1 reason=app-server-count-10, pid=931090 rss_kb=791124 app_servers=10 health_ms=1 signals=0
2026-06-04T10:09:14+03:00 degraded count=2 reason=app-server-count-10, pid=931090 rss_kb=772464 app_servers=10 health_ms=1 signals=0
2026-06-04T10:09:14+03:00 restart-gateway reason=degraded:app-server-count-10,
2026-06-04T10:09:34+03:00 post-restart health=000 6007
2026-06-04T11:48:55+03:00 degraded count=1 reason=app-server-count-10, pid=992771 rss_kb=827792 app_servers=10 health_ms=1 signals=0
2026-06-04T11:51:15+03:00 degraded count=2 reason=app-server-count-10, pid=992771 rss_kb=824916 app_servers=10 health_ms=1 signals=0
2026-06-04T11:51:15+03:00 restart-gateway reason=degraded:app-server-count-10,
2026-06-04T11:51:32+03:00 post-restart health=000 6006
2026-06-04T15:14:14+03:00 degraded count=1 reason=app-server-count-10, pid=1033978 rss_kb=839344 app_servers=10 health_ms=1 signals=0
2026-06-04T15:16:35+03:00 degraded count=2 reason=app-server-count-10, pid=1033978 rss_kb=853408 app_servers=10 health_ms=1 signals=0
2026-06-04T15:16:35+03:00 restart-gateway reason=degraded:app-server-count-10,
2026-06-04T15:16:53+03:00 post-restart health=000 6006
2026-06-04T17:17:24+03:00 chrome-trim term pid=1257846 count=21 rss_kb=1568492
2026-06-04T17:19:44+03:00 chrome-trim term pid=1259025 count=21 rss_kb=1671988
2026-06-04T22:01:51+03:00 observed reason=starvation-signals-3, pid=1160679 rss_kb=905212 app_servers=8 health_ms=146 signals=3
2026-06-04T23:51:00+03:00 health-fail count=1 pid=1160679 http=000 ms=6002 app_servers=8
2026-06-05T04:26:34+03:00 observed reason=starvation-signals-4, pid=1160679 rss_kb=770168 app_servers=8 health_ms=1 signals=4
2026-06-05T05:22:34+03:00 degraded count=1 reason=app-server-count-10, pid=1160679 rss_kb=818580 app_servers=10 health_ms=11 signals=0
2026-06-05T05:24:44+03:00 degraded count=2 reason=app-server-count-10, pid=1160679 rss_kb=819424 app_servers=10 health_ms=0 signals=0
2026-06-05T05:24:44+03:00 restart-gateway reason=degraded:app-server-count-10,
2026-06-05T05:25:03+03:00 post-restart health=000 6006
2026-06-05T07:46:35+03:00 degraded count=1 reason=app-server-count-10, pid=1667643 rss_kb=828420 app_servers=10 health_ms=2 signals=0
2026-06-05T07:48:55+03:00 degraded count=2 reason=app-server-count-10, pid=1667643 rss_kb=820340 app_servers=10 health_ms=101 signals=0
2026-06-05T07:48:55+03:00 restart-gateway reason=degraded:app-server-count-10,
2026-06-05T07:49:12+03:00 post-restart health=000 6006
2026-06-05T13:15:31+03:00 degraded count=1 reason=app-server-count-10, pid=1724150 rss_kb=843068 app_servers=10 health_ms=145 signals=0
2026-06-05T13:17:35+03:00 degraded count=2 reason=app-server-count-10, pid=1724150 rss_kb=837428 app_servers=10 health_ms=4 signals=0
2026-06-05T13:17:35+03:00 restart-gateway reason=degraded:app-server-count-10,
2026-06-05T13:17:53+03:00 post-restart health=000 6005
2026-06-05T14:40:47+03:00 degraded count=1 reason=app-server-count-10, pid=1859242 rss_kb=798488 app_servers=10 health_ms=378 signals=0
2026-06-05T14:42:55+03:00 degraded count=2 reason=app-server-count-10, pid=1859242 rss_kb=798748 app_servers=10 health_ms=1 signals=0
2026-06-05T14:42:55+03:00 restart-gateway reason=degraded:app-server-count-10,
2026-06-05T14:43:14+03:00 post-restart health=000 6006
2026-06-05T16:04:49+03:00 chrome-trim term pid=1260615 count=17 rss_kb=1557084
2026-06-05T17:51:15+03:00 degraded count=1 reason=app-server-count-10, pid=1874579 rss_kb=838848 app_servers=10 health_ms=1 signals=0
2026-06-05T17:53:35+03:00 degraded count=2 reason=app-server-count-10, pid=1874579 rss_kb=829808 app_servers=10 health_ms=1 signals=0
2026-06-05T17:53:35+03:00 restart-gateway reason=degraded:app-server-count-10,
2026-06-05T17:53:53+03:00 post-restart health=000 6006
2026-06-05T19:46:54+03:00 degraded count=1 reason=app-server-count-10, pid=1964346 rss_kb=802044 app_servers=10 health_ms=0 signals=0
2026-06-05T19:49:14+03:00 degraded count=2 reason=app-server-count-10, pid=1964346 rss_kb=800440 app_servers=10 health_ms=2 signals=0
2026-06-05T19:49:14+03:00 restart-gateway reason=degraded:app-server-count-10,
2026-06-05T19:49:27+03:00 post-restart health=200 1921
2026-06-06T02:53:20+03:00 health-fail count=1 pid=2021252 http=000 ms=6006 app_servers=8
2026-06-06T02:55:40+03:00 health-fail count=2 pid=2021252 http=000 ms=6006 app_servers=8
2026-06-06T02:55:40+03:00 restart-deferred reason=health-failures:2:http-000 active_app_servers=8
2026-06-06T02:58:00+03:00 health-fail count=3 pid=2021252 http=000 ms=6006 app_servers=8
2026-06-06T02:58:00+03:00 restart-deferred reason=health-failures:3:http-000 active_app_servers=8
2026-06-06T03:00:23+03:00 health-fail count=4 pid=2021252 http=000 ms=6007 app_servers=8
2026-06-06T03:00:23+03:00 restart-deferred reason=health-failures:4:http-000 active_app_servers=8
2026-06-06T03:02:41+03:00 health-fail count=5 pid=2021252 http=000 ms=6006 app_servers=8
2026-06-06T03:02:41+03:00 restart-deferred reason=health-failures:5:http-000 active_app_servers=8
2026-06-06T03:11:54+03:00 degraded count=1 reason=app-server-count-10, pid=2021252 rss_kb=734224 app_servers=10 health_ms=1 signals=0
2026-06-06T03:14:14+03:00 degraded count=2 reason=app-server-count-10, pid=2021252 rss_kb=714236 app_servers=10 health_ms=0 signals=0
2026-06-06T03:14:14+03:00 restart-gateway reason=degraded:app-server-count-10,
2026-06-06T03:14:29+03:00 post-restart health=200 2965
2026-06-06T04:17:14+03:00 chrome-trim term pid=1947640 count=16 rss_kb=2201476
2026-06-06T06:14:14+03:00 chrome-trim term pid=2260362 count=16 rss_kb=1925704
2026-06-06T07:06:54+03:00 chrome-trim term pid=2294174 count=17 rss_kb=2163312
2026-06-06T07:20:34+03:00 chrome-trim term pid=2357858 count=18 rss_kb=1488936
2026-06-06T07:22:34+03:00 chrome-trim term pid=2366887 count=20 rss_kb=1763428
2026-06-06T07:29:01+03:00 chrome-trim term pid=2369960 count=20 rss_kb=1642936
2026-06-06T07:31:02+03:00 chrome-trim term pid=2376288 count=20 rss_kb=1517620
2026-06-06T07:33:06+03:00 chrome-trim term pid=2378070 count=20 rss_kb=1678316
2026-06-06T07:35:17+03:00 chrome-trim term pid=2379721 count=18 rss_kb=1523236
2026-06-06T07:45:55+03:00 degraded count=1 reason=app-server-count-10, pid=2191814 rss_kb=932120 app_servers=10 health_ms=433 signals=1
2026-06-06T07:47:58+03:00 degraded count=2 reason=app-server-count-10, pid=2191814 rss_kb=938008 app_servers=10 health_ms=3 signals=1
2026-06-06T07:47:58+03:00 restart-gateway reason=degraded:app-server-count-10,
2026-06-06T07:48:16+03:00 post-restart health=000 6004
2026-06-06T14:42:25+03:00 chrome-trim term pid=2381600 count=20 rss_kb=1867340
2026-06-06T14:49:14+03:00 chrome-trim term pid=2547395 count=21 rss_kb=1820760
2026-06-06T14:53:40+03:00 chrome-trim term pid=2549650 count=20 rss_kb=1508712
2026-06-06T18:12:18+03:00 restart-deferred reason=slow-health-3124ms active_app_servers=8
2026-06-06T18:12:18+03:00 observed reason=slow-health-3124ms, pid=2403408 rss_kb=859628 app_servers=8 health_ms=3124 signals=0
2026-06-06T19:11:54+03:00 chrome-trim term pid=2551805 count=21 rss_kb=1683624
2026-06-07T05:27:35+03:00 degraded count=1 reason=app-server-count-10, pid=2403408 rss_kb=805236 app_servers=10 health_ms=1 signals=0
2026-06-07T05:29:54+03:00 degraded count=2 reason=app-server-count-10, pid=2403408 rss_kb=642340 app_servers=10 health_ms=1 signals=0
2026-06-07T05:29:54+03:00 restart-gateway reason=degraded:app-server-count-10,
2026-06-07T05:30:14+03:00 post-restart health=000 6006
2026-06-07T07:46:54+03:00 degraded count=1 reason=app-server-count-10, pid=2890669 rss_kb=848708 app_servers=10 health_ms=1 signals=0
2026-06-07T07:49:14+03:00 degraded count=2 reason=app-server-count-10, pid=2890669 rss_kb=848420 app_servers=10 health_ms=1 signals=0
2026-06-07T07:49:14+03:00 restart-gateway reason=degraded:app-server-count-10,
2026-06-07T07:49:31+03:00 post-restart health=000 6007
2026-06-07T12:01:54+03:00 degraded count=1 reason=app-server-count-10, pid=2949069 rss_kb=902440 app_servers=10 health_ms=1 signals=0
2026-06-07T12:03:56+03:00 degraded count=2 reason=app-server-count-10, pid=2949069 rss_kb=881428 app_servers=10 health_ms=2 signals=0
2026-06-07T12:03:56+03:00 restart-gateway reason=degraded:app-server-count-10,
2026-06-07T12:04:14+03:00 post-restart health=000 6006
2026-06-07T14:12:04+03:00 degraded count=1 reason=app-server-count-10, pid=3041329 rss_kb=911364 app_servers=10 health_ms=2 signals=0
2026-06-07T14:14:15+03:00 degraded count=2 reason=app-server-count-10, pid=3041329 rss_kb=819012 app_servers=10 health_ms=211 signals=0
2026-06-07T14:14:15+03:00 restart-gateway reason=degraded:app-server-count-10,
2026-06-07T14:14:25+03:00 post-restart health=200 299
2026-06-08T05:30:55+03:00 degraded count=1 reason=app-server-count-10, pid=3097071 rss_kb=798952 app_servers=10 health_ms=1 signals=0
2026-06-08T05:33:14+03:00 degraded count=2 reason=app-server-count-10, pid=3097071 rss_kb=764592 app_servers=10 health_ms=1 signals=0
2026-06-08T05:33:14+03:00 restart-gateway reason=degraded:app-server-count-10,
2026-06-08T05:33:33+03:00 post-restart health=000 6006
2026-06-08T07:45:17+03:00 degraded count=1 reason=app-server-count-10, pid=3400844 rss_kb=858228 app_servers=10 health_ms=1 signals=0
2026-06-08T07:47:34+03:00 degraded count=2 reason=app-server-count-10, pid=3400844 rss_kb=863932 app_servers=10 health_ms=1 signals=0
2026-06-08T07:47:34+03:00 restart-gateway reason=degraded:app-server-count-10,
2026-06-08T07:47:52+03:00 post-restart health=200 5946
2026-06-08T11:46:04+03:00 degraded count=1 reason=app-server-count-10, pid=3461160 rss_kb=782224 app_servers=10 health_ms=1 signals=0
2026-06-08T11:48:14+03:00 degraded count=2 reason=app-server-count-10, pid=3461160 rss_kb=790372 app_servers=10 health_ms=1 signals=0
2026-06-08T11:48:14+03:00 restart-gateway reason=degraded:app-server-count-10,
2026-06-08T11:48:28+03:00 post-restart health=200 1422
2026-06-08T13:08:54+03:00 degraded count=1 reason=app-server-count-10, pid=3533995 rss_kb=814728 app_servers=10 health_ms=1 signals=0
2026-06-08T13:11:15+03:00 degraded count=2 reason=app-server-count-10, pid=3533995 rss_kb=826112 app_servers=10 health_ms=1 signals=0
2026-06-08T13:11:15+03:00 restart-gateway reason=degraded:app-server-count-10,
2026-06-08T13:11:31+03:00 post-restart health=000 6007
2026-06-08T16:00:35+03:00 degraded count=1 reason=app-server-count-10, pid=3604139 rss_kb=760672 app_servers=10 health_ms=1 signals=0
2026-06-08T16:02:55+03:00 degraded count=2 reason=app-server-count-10, pid=3604139 rss_kb=752440 app_servers=10 health_ms=1 signals=0
2026-06-08T16:02:55+03:00 restart-gateway reason=degraded:app-server-count-10,
2026-06-08T16:03:15+03:00 post-restart health=000 6006
2026-06-09T07:27:00+03:00 health-fail count=1 pid=3678559 http=000 ms=6006 app_servers=8
2026-06-09T08:59:35+03:00 degraded count=1 reason=app-server-count-10, pid=3678559 rss_kb=775256 app_servers=10 health_ms=1 signals=0
2026-06-09T09:01:55+03:00 degraded count=2 reason=app-server-count-10, pid=3678559 rss_kb=722956 app_servers=10 health_ms=1 signals=0
2026-06-09T09:01:55+03:00 restart-gateway reason=degraded:app-server-count-10,
2026-06-09T09:02:15+03:00 post-restart health=000 6005
2026-06-09T10:01:17+03:00 degraded count=1 reason=app-server-count-10, pid=3989286 rss_kb=734840 app_servers=10 health_ms=2 signals=0
2026-06-09T10:03:34+03:00 degraded count=2 reason=app-server-count-10, pid=3989286 rss_kb=747584 app_servers=10 health_ms=1 signals=0
2026-06-09T10:03:35+03:00 restart-gateway reason=degraded:app-server-count-10,
2026-06-09T10:03:51+03:00 post-restart health=000 6006
2026-06-09T12:47:34+03:00 degraded count=1 reason=app-server-count-10, pid=4056578 rss_kb=810152 app_servers=10 health_ms=1 signals=0
2026-06-09T12:49:54+03:00 degraded count=2 reason=app-server-count-10, pid=4056578 rss_kb=738588 app_servers=10 health_ms=1 signals=0
2026-06-09T12:49:54+03:00 restart-gateway reason=degraded:app-server-count-10,
2026-06-09T12:50:11+03:00 post-restart health=000 6007
2026-06-10T05:33:15+03:00 degraded count=1 reason=app-server-count-10, pid=4080473 rss_kb=746596 app_servers=10 health_ms=1 signals=0
2026-06-10T05:35:35+03:00 degraded count=2 reason=app-server-count-10, pid=4080473 rss_kb=695656 app_servers=10 health_ms=1 signals=0
2026-06-10T05:35:35+03:00 restart-gateway reason=degraded:app-server-count-10,
2026-06-10T05:35:54+03:00 post-restart health=000 6006
2026-06-10T07:45:54+03:00 degraded count=1 reason=app-server-count-10, pid=243623 rss_kb=855444 app_servers=10 health_ms=1 signals=0
2026-06-10T07:48:14+03:00 degraded count=2 reason=app-server-count-10, pid=243623 rss_kb=849108 app_servers=10 health_ms=0 signals=0
2026-06-10T07:48:14+03:00 restart-gateway reason=degraded:app-server-count-10,
2026-06-10T07:48:32+03:00 post-restart health=000 6006
2026-06-10T09:38:54+03:00 health-fail count=1 pid=none http=000 ms=0 app_servers=0
2026-06-10T09:41:14+03:00 health-fail count=2 pid=none http=000 ms=0 app_servers=0
2026-06-10T09:41:14+03:00 restart-gateway reason=health-failures:2:http-000
2026-06-10T09:41:23+03:00 post-restart health=000 0
2026-06-10T09:43:34+03:00 health-fail count=1 pid=none http=000 ms=0 app_servers=0
2026-06-10T09:45:54+03:00 health-fail count=2 pid=none http=000 ms=0 app_servers=0
2026-06-10T09:45:54+03:00 restart-gateway reason=health-failures:2:http-000
2026-06-10T09:46:03+03:00 post-restart health=000 0
2026-06-10T09:48:14+03:00 health-fail count=1 pid=none http=000 ms=0 app_servers=0
2026-06-10T09:50:34+03:00 health-fail count=2 pid=none http=000 ms=0 app_servers=0
2026-06-10T09:50:34+03:00 restart-gateway reason=health-failures:2:http-000
2026-06-10T09:50:43+03:00 post-restart health=000 0
2026-06-10T09:52:54+03:00 health-fail count=1 pid=none http=000 ms=0 app_servers=0
2026-06-10T09:55:14+03:00 health-fail count=2 pid=none http=000 ms=0 app_servers=0
2026-06-10T09:55:14+03:00 restart-gateway reason=health-failures:2:http-000
2026-06-10T09:55:23+03:00 post-restart health=000 0
2026-06-10T09:57:34+03:00 health-fail count=1 pid=none http=000 ms=0 app_servers=0
2026-06-10T09:59:54+03:00 health-fail count=2 pid=none http=000 ms=0 app_servers=0
2026-06-10T09:59:54+03:00 restart-gateway reason=health-failures:2:http-000
2026-06-10T10:00:03+03:00 post-restart health=000 0
2026-06-10T10:02:14+03:00 health-fail count=1 pid=none http=000 ms=0 app_servers=0
2026-06-10T10:04:34+03:00 health-fail count=2 pid=none http=000 ms=0 app_servers=0
2026-06-10T10:04:34+03:00 restart-gateway reason=health-failures:2:http-000
2026-06-10T10:04:43+03:00 post-restart health=000 0
2026-06-10T10:06:54+03:00 health-fail count=1 pid=none http=000 ms=0 app_servers=0
2026-06-10T10:09:14+03:00 health-fail count=2 pid=none http=000 ms=0 app_servers=0
2026-06-10T10:09:14+03:00 restart-gateway reason=health-failures:2:http-000
2026-06-10T10:09:23+03:00 post-restart health=000 0
2026-06-10T10:11:34+03:00 health-fail count=1 pid=none http=000 ms=0 app_servers=0
2026-06-10T10:13:54+03:00 health-fail count=2 pid=none http=000 ms=0 app_servers=0
2026-06-10T10:13:54+03:00 restart-gateway reason=health-failures:2:http-000
2026-06-10T10:14:03+03:00 post-restart health=000 0
2026-06-10T10:16:14+03:00 health-fail count=1 pid=none http=000 ms=0 app_servers=0
2026-06-10T10:18:34+03:00 health-fail count=2 pid=none http=000 ms=0 app_servers=0
2026-06-10T10:18:34+03:00 restart-gateway reason=health-failures:2:http-000
2026-06-10T10:18:43+03:00 post-restart health=000 0
2026-06-10T10:20:54+03:00 health-fail count=1 pid=none http=000 ms=0 app_servers=0
2026-06-10T10:23:14+03:00 health-fail count=2 pid=none http=000 ms=0 app_servers=0
2026-06-10T10:23:14+03:00 restart-gateway reason=health-failures:2:http-000
2026-06-10T10:23:23+03:00 post-restart health=000 0
2026-06-10T10:25:34+03:00 health-fail count=1 pid=none http=000 ms=0 app_servers=0
2026-06-10T10:27:54+03:00 health-fail count=2 pid=none http=000 ms=0 app_servers=0
2026-06-10T10:27:54+03:00 restart-gateway reason=health-failures:2:http-000
2026-06-10T10:28:03+03:00 post-restart health=000 0
2026-06-10T10:30:13+03:00 health-fail count=1 pid=none http=000 ms=0 app_servers=0
2026-06-10T10:32:24+03:00 health-fail count=2 pid=none http=000 ms=0 app_servers=0
2026-06-10T10:32:24+03:00 restart-gateway reason=health-failures:2:http-000
2026-06-10T10:32:33+03:00 post-restart health=000 0
2026-06-10T10:34:44+03:00 health-fail count=1 pid=none http=000 ms=0 app_servers=0
2026-06-10T10:36:54+03:00 health-fail count=2 pid=none http=000 ms=0 app_servers=0
2026-06-10T10:36:54+03:00 restart-gateway reason=health-failures:2:http-000
2026-06-10T10:37:03+03:00 post-restart health=000 0
2026-06-10T10:39:14+03:00 health-fail count=1 pid=none http=000 ms=0 app_servers=0
2026-06-10T10:41:35+03:00 health-fail count=2 pid=none http=000 ms=0 app_servers=0
2026-06-10T10:41:35+03:00 restart-gateway reason=health-failures:2:http-000
2026-06-10T10:41:43+03:00 post-restart health=000 0
2026-06-10T10:43:54+03:00 health-fail count=1 pid=none http=000 ms=0 app_servers=0
2026-06-10T10:46:14+03:00 health-fail count=2 pid=none http=000 ms=0 app_servers=0
2026-06-10T10:46:15+03:00 restart-gateway reason=health-failures:2:http-000
2026-06-10T10:46:23+03:00 post-restart health=000 0
2026-06-10T10:48:34+03:00 health-fail count=1 pid=none http=000 ms=0 app_servers=0
2026-06-10T10:50:54+03:00 health-fail count=2 pid=none http=000 ms=0 app_servers=0
2026-06-10T10:50:54+03:00 restart-gateway reason=health-failures:2:http-000
2026-06-10T10:51:03+03:00 post-restart health=000 0
2026-06-10T10:53:14+03:00 health-fail count=1 pid=none http=000 ms=0 app_servers=0
2026-06-10T10:55:34+03:00 health-fail count=2 pid=none http=000 ms=0 app_servers=0
2026-06-10T10:55:34+03:00 restart-gateway reason=health-failures:2:http-000
2026-06-10T10:55:43+03:00 post-restart health=000 0
2026-06-10T10:57:54+03:00 health-fail count=1 pid=none http=000 ms=0 app_servers=0
2026-06-10T11:00:13+03:00 health-fail count=2 pid=none http=000 ms=0 app_servers=0
2026-06-10T11:00:13+03:00 restart-gateway reason=health-failures:2:http-000
2026-06-10T11:00:22+03:00 post-restart health=000 0
2026-06-10T11:02:24+03:00 health-fail count=1 pid=none http=000 ms=0 app_servers=0
2026-06-10T11:04:44+03:00 health-fail count=2 pid=none http=000 ms=0 app_servers=0
2026-06-10T11:04:44+03:00 restart-gateway reason=health-failures:2:http-000
2026-06-10T11:04:53+03:00 post-restart health=000 0
2026-06-10T11:06:54+03:00 health-fail count=1 pid=none http=000 ms=0 app_servers=0
2026-06-10T11:09:14+03:00 health-fail count=2 pid=none http=000 ms=0 app_servers=0
2026-06-10T11:09:14+03:00 restart-gateway reason=health-failures:2:http-000
2026-06-10T11:09:23+03:00 post-restart health=000 0
2026-06-10T11:11:34+03:00 health-fail count=1 pid=none http=000 ms=0 app_servers=0
2026-06-10T11:13:54+03:00 health-fail count=2 pid=none http=000 ms=0 app_servers=0
2026-06-10T11:13:54+03:00 restart-gateway reason=health-failures:2:http-000
2026-06-10T11:14:03+03:00 post-restart health=000 0
2026-06-10T11:16:14+03:00 health-fail count=1 pid=none http=000 ms=0 app_servers=0
2026-06-10T11:18:34+03:00 health-fail count=2 pid=none http=000 ms=0 app_servers=0
2026-06-10T11:18:34+03:00 restart-gateway reason=health-failures:2:http-000
2026-06-10T11:18:43+03:00 post-restart health=000 0
2026-06-10T11:20:54+03:00 health-fail count=1 pid=none http=000 ms=0 app_servers=0
2026-06-10T11:23:14+03:00 health-fail count=2 pid=none http=000 ms=0 app_servers=0
2026-06-10T11:23:14+03:00 restart-gateway reason=health-failures:2:http-000
2026-06-10T11:23:23+03:00 post-restart health=000 0
2026-06-10T11:25:34+03:00 health-fail count=1 pid=none http=000 ms=0 app_servers=0
2026-06-10T11:27:54+03:00 health-fail count=2 pid=none http=000 ms=0 app_servers=0
2026-06-10T11:27:54+03:00 restart-gateway reason=health-failures:2:http-000
2026-06-10T11:28:03+03:00 post-restart health=000 0
2026-06-10T11:30:13+03:00 health-fail count=1 pid=none http=000 ms=0 app_servers=0
2026-06-10T11:32:24+03:00 health-fail count=2 pid=none http=000 ms=0 app_servers=0
2026-06-10T11:32:24+03:00 restart-gateway reason=health-failures:2:http-000
2026-06-10T11:32:33+03:00 post-restart health=000 0
2026-06-10T11:34:44+03:00 health-fail count=1 pid=none http=000 ms=0 app_servers=0
2026-06-10T11:36:54+03:00 health-fail count=2 pid=none http=000 ms=0 app_servers=0
2026-06-10T11:36:54+03:00 restart-gateway reason=health-failures:2:http-000
2026-06-10T11:37:03+03:00 post-restart health=000 0
2026-06-10T11:39:14+03:00 health-fail count=1 pid=none http=000 ms=0 app_servers=0
2026-06-10T11:41:34+03:00 health-fail count=2 pid=none http=000 ms=0 app_servers=0
2026-06-10T11:41:34+03:00 restart-gateway reason=health-failures:2:http-000
2026-06-10T11:41:43+03:00 post-restart health=000 0
2026-06-10T11:43:54+03:00 health-fail count=1 pid=none http=000 ms=0 app_servers=0
2026-06-10T11:46:14+03:00 health-fail count=2 pid=none http=000 ms=0 app_servers=0
2026-06-10T11:46:14+03:00 restart-gateway reason=health-failures:2:http-000
2026-06-10T11:46:23+03:00 post-restart health=000 0
2026-06-10T11:48:34+03:00 health-fail count=1 pid=none http=000 ms=0 app_servers=0
2026-06-10T11:50:54+03:00 health-fail count=2 pid=none http=000 ms=0 app_servers=0
2026-06-10T11:50:54+03:00 restart-gateway reason=health-failures:2:http-000
2026-06-10T11:51:03+03:00 post-restart health=000 0
2026-06-10T11:53:14+03:00 health-fail count=1 pid=none http=000 ms=0 app_servers=0
2026-06-10T11:55:34+03:00 health-fail count=2 pid=none http=000 ms=0 app_servers=0
2026-06-10T11:55:34+03:00 restart-gateway reason=health-failures:2:http-000
2026-06-10T11:55:43+03:00 post-restart health=000 0
2026-06-10T11:57:54+03:00 health-fail count=1 pid=none http=000 ms=0 app_servers=0
2026-06-10T12:00:14+03:00 health-fail count=2 pid=none http=000 ms=0 app_servers=0
2026-06-10T12:00:14+03:00 restart-gateway reason=health-failures:2:http-000
2026-06-10T12:00:24+03:00 post-restart health=000 0
2026-06-10T12:02:25+03:00 health-fail count=1 pid=none http=000 ms=0 app_servers=0
2026-06-10T12:04:44+03:00 health-fail count=2 pid=none http=000 ms=0 app_servers=0
2026-06-10T12:04:44+03:00 restart-gateway reason=health-failures:2:http-000
2026-06-10T12:04:53+03:00 post-restart health=000 0
2026-06-10T12:06:45+03:00 health-fail count=1 pid=none http=000 ms=0 app_servers=0
2026-06-10T12:08:54+03:00 health-fail count=2 pid=none http=000 ms=0 app_servers=0
2026-06-10T12:08:54+03:00 restart-gateway reason=health-failures:2:http-000
2026-06-10T12:09:03+03:00 post-restart health=000 0
2026-06-10T12:11:14+03:00 health-fail count=1 pid=none http=000 ms=0 app_servers=0
2026-06-10T12:13:34+03:00 health-fail count=2 pid=none http=000 ms=0 app_servers=0
2026-06-10T12:13:34+03:00 restart-gateway reason=health-failures:2:http-000
2026-06-10T12:13:43+03:00 post-restart health=000 0
2026-06-10T12:40:14+03:00 chrome-trim term pid=393253 count=19 rss_kb=2879084
2026-06-10T12:42:34+03:00 chrome-trim term pid=393614 count=18 rss_kb=2434436
2026-06-10T12:44:54+03:00 chrome-trim term pid=393647 count=17 rss_kb=2261568
2026-06-10T12:47:14+03:00 chrome-trim term pid=393657 count=16 rss_kb=2009636
2026-06-10T12:49:34+03:00 chrome-trim term pid=393680 count=15 rss_kb=1819072
2026-06-10T13:02:19+03:00 degraded count=1 reason=app-server-count-10, pid=392408 rss_kb=701840 app_servers=10 health_ms=11 signals=0
2026-06-10T13:04:19+03:00 degraded count=2 reason=app-server-count-10, pid=392408 rss_kb=632708 app_servers=10 health_ms=282 signals=0
2026-06-10T13:04:19+03:00 restart-gateway reason=degraded:app-server-count-10,
2026-06-10T13:04:38+03:00 post-restart health=000 6006
2026-06-11T05:28:55+03:00 degraded count=1 reason=app-server-count-10, pid=580717 rss_kb=860592 app_servers=10 health_ms=1 signals=0
2026-06-11T05:31:15+03:00 degraded count=2 reason=app-server-count-10, pid=580717 rss_kb=822748 app_servers=10 health_ms=1 signals=0
2026-06-11T05:31:15+03:00 restart-gateway reason=degraded:app-server-count-10,
2026-06-11T05:31:34+03:00 post-restart health=000 6007
2026-06-11T07:46:35+03:00 degraded count=1 reason=app-server-count-10, pid=977439 rss_kb=687536 app_servers=10 health_ms=1 signals=0
2026-06-11T07:48:54+03:00 degraded count=2 reason=app-server-count-10, pid=977439 rss_kb=705128 app_servers=10 health_ms=2 signals=0
2026-06-11T07:48:54+03:00 restart-gateway reason=degraded:app-server-count-10,
2026-06-11T07:49:12+03:00 post-restart health=000 6006
2026-06-12T05:30:55+03:00 degraded count=1 reason=app-server-count-10, pid=1040348 rss_kb=791196 app_servers=10 health_ms=0 signals=0
2026-06-12T05:33:14+03:00 degraded count=2 reason=app-server-count-10, pid=1040348 rss_kb=787508 app_servers=10 health_ms=1 signals=0
2026-06-12T05:33:14+03:00 restart-gateway reason=degraded:app-server-count-10,
2026-06-12T05:33:34+03:00 post-restart health=000 6006
2026-06-12T07:45:55+03:00 degraded count=1 reason=app-server-count-10, pid=1487645 rss_kb=857452 app_servers=10 health_ms=27 signals=0
2026-06-12T07:48:15+03:00 degraded count=2 reason=app-server-count-10, pid=1487645 rss_kb=861224 app_servers=10 health_ms=1 signals=0
2026-06-12T07:48:15+03:00 restart-gateway reason=degraded:app-server-count-10,
2026-06-12T07:48:32+03:00 post-restart health=200 5682
2026-06-12T21:53:54+03:00 health-fail count=1 pid=none http=000 ms=1 app_servers=2
2026-06-12T21:56:14+03:00 health-fail count=2 pid=none http=000 ms=1 app_servers=0
2026-06-12T21:56:14+03:00 restart-gateway reason=health-failures:2:http-000
2026-06-12T21:56:23+03:00 post-restart health=000 0
2026-06-12T21:58:34+03:00 health-fail count=1 pid=none http=000 ms=0 app_servers=0
2026-06-12T22:00:54+03:00 health-fail count=2 pid=none http=000 ms=0 app_servers=0
2026-06-12T22:00:54+03:00 restart-gateway reason=health-failures:2:http-000
2026-06-12T22:01:03+03:00 post-restart health=000 0
2026-06-12T22:05:35+03:00 health-fail count=1 pid=1844559 http=000 ms=0 app_servers=0
2026-06-12T23:31:04+03:00 restart-deferred reason=slow-health-5273ms active_app_servers=6
2026-06-12T23:31:04+03:00 observed reason=slow-health-5273ms, pid=1851008 rss_kb=770616 app_servers=6 health_ms=5273 signals=0
2026-06-13T07:46:54+03:00 degraded count=1 reason=app-server-count-10, pid=1911717 rss_kb=731148 app_servers=10 health_ms=1 signals=0
2026-06-13T07:49:14+03:00 degraded count=2 reason=app-server-count-10, pid=1911717 rss_kb=734492 app_servers=10 health_ms=1 signals=0
2026-06-13T07:49:14+03:00 restart-gateway reason=degraded:app-server-count-10,
2026-06-13T07:49:30+03:00 post-restart health=200 5363
2026-06-14T04:25:54+03:00 chrome-trim term pid=393733 count=20 rss_kb=1629712
2026-06-14T04:28:14+03:00 chrome-trim term pid=393780 count=19 rss_kb=1983076
2026-06-14T04:30:34+03:00 chrome-trim term pid=393799 count=18 rss_kb=1945688
2026-06-14T04:32:54+03:00 chrome-trim term pid=393820 count=17 rss_kb=1912980
2026-06-14T04:35:14+03:00 chrome-trim term pid=394043 count=16 rss_kb=1868128
2026-06-14T05:33:34+03:00 degraded count=1 reason=app-server-count-10, pid=2186829 rss_kb=760720 app_servers=10 health_ms=1 signals=0
2026-06-14T05:35:55+03:00 degraded count=2 reason=app-server-count-10, pid=2186829 rss_kb=732632 app_servers=10 health_ms=2 signals=0
2026-06-14T05:35:55+03:00 restart-gateway reason=degraded:app-server-count-10,
2026-06-14T05:36:11+03:00 post-restart health=000 6001
2026-06-14T07:44:54+03:00 degraded count=1 reason=app-server-count-10, pid=2669659 rss_kb=850148 app_servers=10 health_ms=1 signals=0
2026-06-14T07:47:14+03:00 degraded count=2 reason=app-server-count-10, pid=2669659 rss_kb=842500 app_servers=10 health_ms=1 signals=0
2026-06-14T07:47:15+03:00 restart-gateway reason=degraded:app-server-count-10,
2026-06-14T07:47:30+03:00 post-restart health=000 6006
2026-06-15T05:36:55+03:00 degraded count=1 reason=app-server-count-10, pid=2740266 rss_kb=691516 app_servers=10 health_ms=1 signals=0
2026-06-15T05:39:15+03:00 degraded count=2 reason=app-server-count-10, pid=2740266 rss_kb=687140 app_servers=10 health_ms=73 signals=0
2026-06-15T05:39:15+03:00 restart-gateway reason=degraded:app-server-count-10,
2026-06-15T05:39:32+03:00 post-restart health=000 6005
2026-06-15T07:45:08+03:00 degraded count=1 reason=app-server-count-10, pid=3209505 rss_kb=788976 app_servers=10 health_ms=212 signals=0
2026-06-15T07:47:24+03:00 degraded count=2 reason=app-server-count-10, pid=3209505 rss_kb=787304 app_servers=10 health_ms=1 signals=0
2026-06-15T07:47:24+03:00 restart-gateway reason=degraded:app-server-count-10,
2026-06-15T07:47:40+03:00 post-restart health=000 6006
2026-06-15T12:27:54+03:00 degraded count=1 reason=app-server-count-10, pid=3251324 rss_kb=829832 app_servers=10 health_ms=1 signals=0
2026-06-15T12:30:13+03:00 degraded count=2 reason=app-server-count-10, pid=3251324 rss_kb=825596 app_servers=10 health_ms=1 signals=0
2026-06-15T12:30:13+03:00 restart-gateway reason=degraded:app-server-count-10,
2026-06-15T12:30:29+03:00 post-restart health=000 6003
2026-06-15T16:02:15+03:00 degraded count=1 reason=app-server-count-10, pid=3303205 rss_kb=799928 app_servers=10 health_ms=1 signals=0
2026-06-15T16:04:35+03:00 degraded count=2 reason=app-server-count-10, pid=3303205 rss_kb=799928 app_servers=10 health_ms=1 signals=0
2026-06-15T16:04:35+03:00 restart-gateway reason=degraded:app-server-count-10,
2026-06-15T16:04:51+03:00 post-restart health=000 6007
2026-06-16T05:42:34+03:00 degraded count=1 reason=app-server-count-10, pid=3372450 rss_kb=586952 app_servers=10 health_ms=1 signals=0
2026-06-16T05:44:55+03:00 degraded count=2 reason=app-server-count-10, pid=3372450 rss_kb=590020 app_servers=10 health_ms=1 signals=0
2026-06-16T05:44:55+03:00 restart-gateway reason=degraded:app-server-count-10,
2026-06-16T05:45:11+03:00 post-restart health=000 6006
2026-06-16T07:45:54+03:00 degraded count=1 reason=app-server-count-10, pid=3550212 rss_kb=720808 app_servers=10 health_ms=1 signals=0
2026-06-16T07:48:14+03:00 degraded count=2 reason=app-server-count-10, pid=3550212 rss_kb=718428 app_servers=10 health_ms=1 signals=0
2026-06-16T07:48:14+03:00 restart-gateway reason=degraded:app-server-count-10,
2026-06-16T07:48:27+03:00 post-restart health=200 3114
2026-06-16T11:31:55+03:00 degraded count=1 reason=app-server-count-10, pid=3591235 rss_kb=726692 app_servers=10 health_ms=1 signals=0
2026-06-16T11:34:03+03:00 degraded count=2 reason=app-server-count-10, pid=3591235 rss_kb=724588 app_servers=10 health_ms=1 signals=0
2026-06-16T11:34:03+03:00 restart-gateway reason=degraded:app-server-count-10,
2026-06-16T11:34:20+03:00 post-restart health=000 6006
2026-06-16T13:47:36+03:00 chrome-trim term pid=2663416 count=15 rss_kb=1831688
2026-06-16T13:51:51+03:00 chrome-trim term pid=2663434 count=14 rss_kb=1855908
2026-06-16T23:25:34+03:00 chrome-trim term pid=2663450 count=13 rss_kb=1811020
2026-06-17T05:42:35+03:00 degraded count=1 reason=app-server-count-10, pid=3635637 rss_kb=772124 app_servers=10 health_ms=14 signals=0
2026-06-17T05:44:55+03:00 degraded count=2 reason=app-server-count-10, pid=3635637 rss_kb=775968 app_servers=10 health_ms=1 signals=0
2026-06-17T05:44:55+03:00 restart-gateway reason=degraded:app-server-count-10,
2026-06-17T05:45:05+03:00 post-restart health=000 0
2026-06-17T07:45:17+03:00 degraded count=1 reason=app-server-count-10, pid=3960970 rss_kb=827932 app_servers=10 health_ms=1 signals=0
2026-06-17T07:47:34+03:00 degraded count=2 reason=app-server-count-10, pid=3960970 rss_kb=846296 app_servers=10 health_ms=1 signals=0
2026-06-17T07:47:35+03:00 restart-gateway reason=degraded:app-server-count-10,
2026-06-17T07:47:51+03:00 post-restart health=000 6007
2026-06-17T11:31:50+03:00 health-fail count=1 pid=none http=000 ms=0 app_servers=0
2026-06-17T11:46:34+03:00 health-fail count=1 pid=4067843 http=000 ms=0 app_servers=0
2026-06-17T13:19:12+03:00 health-fail count=1 pid=4067843 http=000 ms=6065 app_servers=8
2026-06-17T13:30:20+03:00 restart-deferred reason=slow-health-3454ms active_app_servers=8
2026-06-17T13:30:20+03:00 observed reason=slow-health-3454ms, pid=4067843 rss_kb=677484 app_servers=8 health_ms=3454 signals=0
2026-06-17T16:38:59+03:00 restart-deferred reason=slow-health-3910ms active_app_servers=8
2026-06-17T16:38:59+03:00 observed reason=slow-health-3910ms, pid=4067843 rss_kb=785860 app_servers=8 health_ms=3910 signals=0
2026-06-18T05:34:27+03:00 degraded count=1 reason=app-server-count-10, pid=4067843 rss_kb=790280 app_servers=10 health_ms=2107 signals=0
2026-06-18T05:36:46+03:00 degraded count=2 reason=app-server-count-10, pid=4067843 rss_kb=819776 app_servers=10 health_ms=1902 signals=0
2026-06-18T05:36:46+03:00 restart-gateway reason=degraded:app-server-count-10,
2026-06-18T05:37:06+03:00 post-restart health=000 6004
2026-06-18T07:46:54+03:00 degraded count=1 reason=app-server-count-10, pid=273921 rss_kb=822580 app_servers=10 health_ms=1 signals=0
2026-06-18T07:49:14+03:00 degraded count=2 reason=app-server-count-10, pid=273921 rss_kb=843796 app_servers=10 health_ms=1 signals=0
2026-06-18T07:49:14+03:00 restart-gateway reason=degraded:app-server-count-10,
2026-06-18T07:49:32+03:00 post-restart health=200 5407
2026-06-18T19:26:59+03:00 restart-deferred reason=slow-health-4969ms active_app_servers=8
2026-06-18T19:26:59+03:00 observed reason=slow-health-4969ms, pid=319885 rss_kb=894632 app_servers=8 health_ms=4969 signals=0
2026-06-19T05:00:20+03:00 restart-deferred reason=slow-health-4920ms active_app_servers=8
2026-06-19T05:00:20+03:00 observed reason=slow-health-4920ms, pid=319885 rss_kb=828736 app_servers=8 health_ms=4920 signals=0
2026-06-19T05:32:43+03:00 degraded count=1 reason=app-server-count-10, pid=319885 rss_kb=825000 app_servers=10 health_ms=1 signals=0
2026-06-19T05:34:55+03:00 degraded count=2 reason=app-server-count-10, pid=319885 rss_kb=815664 app_servers=10 health_ms=1 signals=0
2026-06-19T05:34:55+03:00 restart-gateway reason=degraded:app-server-count-10,
2026-06-19T05:35:09+03:00 post-restart health=000 0
2026-06-19T07:46:54+03:00 degraded count=1 reason=app-server-count-10, pid=785466 rss_kb=870800 app_servers=10 health_ms=1 signals=0
2026-06-19T07:49:14+03:00 degraded count=2 reason=app-server-count-10, pid=785466 rss_kb=820548 app_servers=10 health_ms=2 signals=0
2026-06-19T07:49:14+03:00 restart-gateway reason=degraded:app-server-count-10,
2026-06-19T07:49:32+03:00 post-restart health=000 6003
2026-06-20T05:36:34+03:00 degraded count=1 reason=app-server-count-10, pid=834656 rss_kb=744612 app_servers=10 health_ms=1 signals=0
2026-06-20T05:38:55+03:00 degraded count=2 reason=app-server-count-10, pid=834656 rss_kb=750004 app_servers=10 health_ms=2 signals=0
2026-06-20T05:38:55+03:00 restart-gateway reason=degraded:app-server-count-10,
2026-06-20T05:39:13+03:00 post-restart health=000 6006
2026-06-20T07:46:34+03:00 degraded count=1 reason=app-server-count-10, pid=1184262 rss_kb=829252 app_servers=10 health_ms=1 signals=0
2026-06-20T07:48:54+03:00 degraded count=2 reason=app-server-count-10, pid=1184262 rss_kb=787936 app_servers=10 health_ms=1 signals=0
2026-06-20T07:48:54+03:00 restart-gateway reason=degraded:app-server-count-10,
2026-06-20T07:49:11+03:00 post-restart health=200 4475
2026-06-21T05:34:55+03:00 degraded count=1 reason=app-server-count-10, pid=1229985 rss_kb=764120 app_servers=10 health_ms=497 signals=0
2026-06-21T05:37:15+03:00 degraded count=2 reason=app-server-count-10, pid=1229985 rss_kb=773780 app_servers=10 health_ms=575 signals=0
2026-06-21T05:37:15+03:00 restart-gateway reason=degraded:app-server-count-10,
2026-06-21T05:37:35+03:00 post-restart health=000 6006
2026-06-21T07:44:55+03:00 degraded count=1 reason=app-server-count-10, pid=1596413 rss_kb=878952 app_servers=10 health_ms=1 signals=0
2026-06-21T07:47:15+03:00 degraded count=2 reason=app-server-count-10, pid=1596413 rss_kb=895108 app_servers=10 health_ms=1 signals=0
2026-06-21T07:47:15+03:00 restart-gateway reason=degraded:app-server-count-10,
2026-06-21T07:47:32+03:00 post-restart health=000 6007
2026-06-22T06:55:20+03:00 degraded count=1 reason=app-server-count-10, pid=1790522 rss_kb=794488 app_servers=10 health_ms=1 signals=0
2026-06-22T06:57:34+03:00 recovered pid=1790522 rss_kb=786408 app_servers=8 health_ms=1 signals=0
2026-06-22T12:00:14+03:00 degraded count=1 reason=app-server-count-10, pid=1790522 rss_kb=782112 app_servers=10 health_ms=421 signals=0
2026-06-22T12:02:25+03:00 recovered pid=1790522 rss_kb=850024 app_servers=8 health_ms=2 signals=0
2026-06-22T13:47:45+03:00 degraded count=1 reason=app-server-count-10, pid=1790522 rss_kb=805584 app_servers=10 health_ms=197 signals=0
2026-06-22T13:49:55+03:00 degraded count=2 reason=app-server-count-10, pid=1790522 rss_kb=786540 app_servers=10 health_ms=150 signals=0
2026-06-22T13:49:55+03:00 restart-gateway reason=degraded:app-server-count-10,
2026-06-22T13:50:09+03:00 post-restart health=000 0
2026-06-23T08:01:22+03:00 degraded count=1 reason=app-server-count-10, pid=2211235 rss_kb=751696 app_servers=10 health_ms=1 signals=0
2026-06-23T08:03:34+03:00 recovered pid=2211235 rss_kb=783628 app_servers=8 health_ms=1 signals=0
2026-06-23T12:00:13+03:00 degraded count=1 reason=app-server-count-10, pid=2211235 rss_kb=763188 app_servers=10 health_ms=2 signals=0
2026-06-23T12:02:25+03:00 recovered pid=2211235 rss_kb=783584 app_servers=8 health_ms=2 signals=0
2026-06-23T13:46:15+03:00 degraded count=1 reason=app-server-count-10, pid=2211235 rss_kb=811440 app_servers=10 health_ms=1 signals=0
2026-06-23T13:48:35+03:00 degraded count=2 reason=app-server-count-10, pid=2211235 rss_kb=813184 app_servers=10 health_ms=1 signals=0
2026-06-23T13:48:35+03:00 restart-gateway reason=degraded:app-server-count-10,
2026-06-23T13:48:48+03:00 post-restart health=000 0
2026-06-23T14:16:21+03:00 health-fail count=1 pid=2659792 http=000 ms=6006 app_servers=4
2026-06-23T15:02:22+03:00 restart-deferred reason=slow-health-3106ms active_app_servers=8
2026-06-23T15:02:23+03:00 observed reason=slow-health-3106ms, pid=2659792 rss_kb=731748 app_servers=8 health_ms=3106 signals=1
2026-06-24T08:00:52+03:00 degraded count=1 reason=app-server-count-10, pid=2935982 rss_kb=915912 app_servers=10 health_ms=1 signals=0
2026-06-24T08:02:55+03:00 recovered pid=2935982 rss_kb=762304 app_servers=8 health_ms=1 signals=0
2026-06-24T12:00:35+03:00 health-fail count=1 pid=none http=000 ms=0 app_servers=0
2026-06-24T12:02:55+03:00 health-fail count=2 pid=none http=000 ms=0 app_servers=0
2026-06-24T12:02:55+03:00 restart-gateway reason=health-failures:2:http-000
2026-06-24T12:03:04+03:00 post-restart health=000 0
2026-06-24T12:05:14+03:00 health-fail count=1 pid=none http=000 ms=0 app_servers=0
2026-06-24T12:07:34+03:00 health-fail count=2 pid=none http=000 ms=0 app_servers=0
2026-06-24T12:07:34+03:00 restart-gateway reason=health-failures:2:http-000
2026-06-24T12:07:44+03:00 post-restart health=000 0
2026-06-24T12:09:54+03:00 health-fail count=1 pid=none http=000 ms=0 app_servers=0
2026-06-24T12:12:14+03:00 health-fail count=2 pid=none http=000 ms=0 app_servers=0
2026-06-24T12:12:14+03:00 restart-gateway reason=health-failures:2:http-000
2026-06-24T12:12:24+03:00 post-restart health=000 0
2026-06-24T12:14:34+03:00 health-fail count=1 pid=none http=000 ms=0 app_servers=0
2026-06-24T12:16:54+03:00 health-fail count=2 pid=none http=000 ms=0 app_servers=0
2026-06-24T12:16:54+03:00 restart-gateway reason=health-failures:2:http-000
2026-06-24T12:17:04+03:00 post-restart health=000 0
2026-06-24T12:19:14+03:00 health-fail count=1 pid=none http=000 ms=0 app_servers=0
2026-06-24T12:21:34+03:00 health-fail count=2 pid=none http=000 ms=0 app_servers=0
2026-06-24T12:21:34+03:00 restart-gateway reason=health-failures:2:http-000
2026-06-24T12:21:44+03:00 post-restart health=000 0
2026-06-24T12:23:55+03:00 health-fail count=1 pid=none http=000 ms=0 app_servers=0
2026-06-24T12:26:14+03:00 health-fail count=2 pid=none http=000 ms=0 app_servers=0
2026-06-24T12:26:14+03:00 restart-gateway reason=health-failures:2:http-000
2026-06-24T12:26:24+03:00 post-restart health=000 0
2026-06-24T12:28:34+03:00 health-fail count=1 pid=none http=000 ms=0 app_servers=0
2026-06-24T12:30:54+03:00 health-fail count=2 pid=none http=000 ms=0 app_servers=0
2026-06-24T12:30:54+03:00 restart-gateway reason=health-failures:2:http-000
2026-06-24T12:31:04+03:00 post-restart health=000 0
2026-06-24T12:33:14+03:00 health-fail count=1 pid=none http=000 ms=0 app_servers=0
2026-06-24T12:35:35+03:00 health-fail count=2 pid=none http=000 ms=0 app_servers=0
2026-06-24T12:35:35+03:00 restart-gateway reason=health-failures:2:http-000
2026-06-24T12:35:44+03:00 post-restart health=000 0
2026-06-24T12:37:54+03:00 health-fail count=1 pid=none http=000 ms=0 app_servers=0
2026-06-24T12:40:14+03:00 health-fail count=2 pid=none http=000 ms=0 app_servers=0
2026-06-24T12:40:14+03:00 restart-gateway reason=health-failures:2:http-000
2026-06-24T12:40:24+03:00 post-restart health=000 0
2026-06-24T12:42:34+03:00 health-fail count=1 pid=none http=000 ms=0 app_servers=0
2026-06-24T12:44:54+03:00 health-fail count=2 pid=none http=000 ms=0 app_servers=0
2026-06-24T12:44:54+03:00 restart-gateway reason=health-failures:2:http-000
2026-06-24T12:45:04+03:00 post-restart health=000 0
2026-06-24T12:47:14+03:00 health-fail count=1 pid=none http=000 ms=0 app_servers=0
2026-06-24T12:49:34+03:00 health-fail count=2 pid=none http=000 ms=0 app_servers=0
2026-06-24T12:49:34+03:00 restart-gateway reason=health-failures:2:http-000
2026-06-24T12:49:43+03:00 post-restart health=000 0
2026-06-24T12:51:54+03:00 health-fail count=1 pid=none http=000 ms=0 app_servers=0
2026-06-24T12:56:34+03:00 health-fail count=1 pid=none http=200 ms=5 app_servers=0
2026-06-24T12:58:54+03:00 health-fail count=2 pid=none http=200 ms=7 app_servers=0
2026-06-24T12:58:54+03:00 restart-gateway reason=health-failures:2:http-200
2026-06-24T12:59:05+03:00 post-restart health=200 1
2026-06-24T13:01:14+03:00 health-fail count=1 pid=none http=200 ms=1 app_servers=0
2026-06-24T13:03:35+03:00 health-fail count=2 pid=none http=200 ms=2 app_servers=0
2026-06-24T13:03:35+03:00 restart-gateway reason=health-failures:2:http-200
2026-06-24T13:03:44+03:00 post-restart health=200 1
2026-06-24T13:05:54+03:00 health-fail count=1 pid=none http=200 ms=1 app_servers=0
2026-06-24T13:08:14+03:00 health-fail count=2 pid=none http=200 ms=1 app_servers=0
2026-06-24T13:08:14+03:00 restart-gateway reason=health-failures:2:http-200
2026-06-24T13:08:24+03:00 post-restart health=200 0
2026-06-24T13:10:34+03:00 health-fail count=1 pid=none http=200 ms=12 app_servers=0
2026-06-24T13:12:54+03:00 health-fail count=2 pid=none http=200 ms=1 app_servers=0
2026-06-24T13:12:54+03:00 restart-gateway reason=health-failures:2:http-200
2026-06-24T13:13:03+03:00 post-restart health=200 1
2026-06-24T13:15:14+03:00 health-fail count=1 pid=none http=200 ms=1 app_servers=0
2026-06-24T13:17:34+03:00 health-fail count=2 pid=none http=200 ms=1 app_servers=0
2026-06-24T13:17:34+03:00 restart-gateway reason=health-failures:2:http-200
2026-06-24T13:17:43+03:00 post-restart health=200 1
2026-06-24T13:19:54+03:00 health-fail count=1 pid=none http=000 ms=0 app_servers=0
2026-06-24T13:22:14+03:00 health-fail count=2 pid=none http=200 ms=2 app_servers=0
2026-06-24T13:22:14+03:00 restart-gateway reason=health-failures:2:http-200
2026-06-24T13:22:24+03:00 post-restart health=200 2
2026-06-24T13:24:34+03:00 health-fail count=1 pid=none http=200 ms=2 app_servers=0
2026-06-24T13:26:54+03:00 health-fail count=2 pid=none http=200 ms=1 app_servers=0
2026-06-24T13:26:54+03:00 restart-gateway reason=health-failures:2:http-200
2026-06-24T13:27:04+03:00 post-restart health=200 5
2026-06-24T13:29:14+03:00 health-fail count=1 pid=none http=200 ms=1 app_servers=0
2026-06-24T13:31:34+03:00 health-fail count=2 pid=none http=200 ms=1 app_servers=0
2026-06-24T13:31:34+03:00 restart-gateway reason=health-failures:2:http-200
2026-06-24T13:31:44+03:00 post-restart health=200 4
2026-06-24T13:33:54+03:00 health-fail count=1 pid=none http=200 ms=1 app_servers=0
2026-06-24T13:36:14+03:00 health-fail count=2 pid=none http=200 ms=1 app_servers=0
2026-06-24T13:36:14+03:00 restart-gateway reason=health-failures:2:http-200
2026-06-24T13:36:24+03:00 post-restart health=200 1
2026-06-24T13:38:34+03:00 health-fail count=1 pid=none http=200 ms=1 app_servers=0
2026-06-24T13:40:54+03:00 health-fail count=2 pid=none http=200 ms=1 app_servers=0
2026-06-24T13:40:54+03:00 restart-gateway reason=health-failures:2:http-200
2026-06-24T13:41:03+03:00 post-restart health=200 1
2026-06-24T13:43:14+03:00 health-fail count=1 pid=none http=200 ms=1 app_servers=0
2026-06-24T13:45:34+03:00 health-fail count=2 pid=none http=200 ms=1 app_servers=0
2026-06-24T13:45:34+03:00 restart-gateway reason=health-failures:2:http-200
2026-06-24T13:45:43+03:00 post-restart health=200 1
2026-06-24T13:47:54+03:00 health-fail count=1 pid=none http=200 ms=1 app_servers=0
2026-06-24T13:50:14+03:00 health-fail count=2 pid=none http=200 ms=1 app_servers=0
2026-06-24T13:50:14+03:00 restart-gateway reason=health-failures:2:http-200
2026-06-24T13:50:24+03:00 post-restart health=200 2
2026-06-24T13:52:35+03:00 health-fail count=1 pid=none http=200 ms=4 app_servers=0
2026-06-24T13:54:54+03:00 health-fail count=2 pid=none http=200 ms=1 app_servers=0
2026-06-24T13:54:54+03:00 restart-gateway reason=health-failures:2:http-200
2026-06-24T13:55:03+03:00 post-restart health=200 2
2026-06-24T13:57:14+03:00 health-fail count=1 pid=none http=200 ms=1 app_servers=0
2026-06-24T13:59:34+03:00 health-fail count=2 pid=none http=200 ms=1 app_servers=0
2026-06-24T13:59:34+03:00 restart-gateway reason=health-failures:2:http-200
2026-06-24T13:59:44+03:00 post-restart health=200 1
2026-06-24T14:01:55+03:00 health-fail count=1 pid=none http=200 ms=1 app_servers=0
2026-06-24T14:04:14+03:00 health-fail count=2 pid=none http=200 ms=2 app_servers=0
2026-06-24T14:04:14+03:00 restart-gateway reason=health-failures:2:http-200
2026-06-24T14:04:23+03:00 post-restart health=200 2
2026-06-24T14:06:34+03:00 health-fail count=1 pid=none http=200 ms=1 app_servers=0
2026-06-24T14:08:54+03:00 health-fail count=2 pid=none http=200 ms=1 app_servers=0
2026-06-24T14:08:54+03:00 restart-gateway reason=health-failures:2:http-200
2026-06-24T14:09:03+03:00 post-restart health=200 3
2026-06-24T14:11:14+03:00 health-fail count=1 pid=none http=200 ms=1 app_servers=0
2026-06-24T14:13:34+03:00 health-fail count=2 pid=none http=200 ms=1 app_servers=0
2026-06-24T14:13:34+03:00 restart-gateway reason=health-failures:2:http-200
2026-06-24T14:13:43+03:00 post-restart health=200 1
2026-06-24T14:15:54+03:00 health-fail count=1 pid=none http=200 ms=1 app_servers=0
2026-06-24T14:18:14+03:00 health-fail count=2 pid=none http=200 ms=1 app_servers=0
2026-06-24T14:18:14+03:00 restart-gateway reason=health-failures:2:http-200
2026-06-24T14:18:23+03:00 post-restart health=200 1
2026-06-24T14:20:34+03:00 health-fail count=1 pid=none http=200 ms=1 app_servers=0
2026-06-24T14:22:54+03:00 health-fail count=2 pid=none http=200 ms=1 app_servers=0
2026-06-24T14:22:54+03:00 restart-gateway reason=health-failures:2:http-200
2026-06-24T14:23:04+03:00 post-restart health=200 1
2026-06-24T14:25:15+03:00 health-fail count=1 pid=none http=200 ms=3 app_servers=0
2026-06-24T14:27:34+03:00 health-fail count=2 pid=none http=200 ms=1 app_servers=0
2026-06-24T14:27:35+03:00 restart-gateway reason=health-failures:2:http-200
2026-06-24T14:27:43+03:00 post-restart health=200 1
2026-06-24T14:29:54+03:00 health-fail count=1 pid=none http=200 ms=1 app_servers=0
2026-06-24T14:32:14+03:00 health-fail count=2 pid=none http=200 ms=1 app_servers=0
2026-06-24T14:32:14+03:00 restart-gateway reason=health-failures:2:http-200
2026-06-24T14:32:23+03:00 post-restart health=200 1
2026-06-24T14:34:34+03:00 health-fail count=1 pid=none http=200 ms=1 app_servers=0
2026-06-24T14:36:54+03:00 health-fail count=2 pid=none http=200 ms=1 app_servers=0
2026-06-24T14:36:54+03:00 restart-gateway reason=health-failures:2:http-200
2026-06-24T14:37:04+03:00 post-restart health=200 1
2026-06-24T14:39:11+03:00 health-fail count=1 pid=none http=200 ms=1 app_servers=0
2026-06-24T14:41:24+03:00 health-fail count=2 pid=none http=200 ms=1 app_servers=0
2026-06-24T14:41:25+03:00 restart-gateway reason=health-failures:2:http-200
2026-06-24T14:41:34+03:00 post-restart health=200 1
2026-06-24T14:43:44+03:00 health-fail count=1 pid=none http=200 ms=1 app_servers=0
2026-06-24T14:45:54+03:00 health-fail count=2 pid=none http=200 ms=0 app_servers=0
2026-06-24T14:45:54+03:00 restart-gateway reason=health-failures:2:http-200
2026-06-24T14:46:03+03:00 post-restart health=200 1
2026-06-24T14:48:14+03:00 health-fail count=1 pid=none http=200 ms=1 app_servers=0
2026-06-24T14:50:34+03:00 health-fail count=2 pid=none http=200 ms=1 app_servers=0
2026-06-24T14:50:35+03:00 restart-gateway reason=health-failures:2:http-200
2026-06-24T14:50:44+03:00 post-restart health=200 2
2026-06-24T14:52:54+03:00 health-fail count=1 pid=none http=200 ms=1 app_servers=0
2026-06-24T14:54:55+03:00 health-fail count=2 pid=none http=200 ms=2 app_servers=4
2026-06-24T14:54:55+03:00 restart-deferred reason=health-failures:2:http-200 active_app_servers=4
2026-06-24T14:57:14+03:00 health-fail count=3 pid=none http=200 ms=2 app_servers=2
2026-06-24T14:57:14+03:00 restart-deferred reason=health-failures:3:http-200 active_app_servers=2
2026-06-24T14:59:18+03:00 health-fail count=4 pid=none http=200 ms=1 app_servers=4
2026-06-24T14:59:18+03:00 restart-deferred reason=health-failures:4:http-200 active_app_servers=4
2026-06-24T15:01:35+03:00 health-fail count=5 pid=none http=200 ms=5 app_servers=2
2026-06-24T15:01:35+03:00 restart-deferred reason=health-failures:5:http-200 active_app_servers=2
2026-06-24T15:03:43+03:00 health-fail count=6 pid=none http=200 ms=3 app_servers=2
2026-06-24T15:03:43+03:00 restart-deferred reason=health-failures:6:http-200 active_app_servers=2
2026-06-24T15:05:51+03:00 health-fail count=7 pid=none http=200 ms=2 app_servers=2
2026-06-24T15:05:51+03:00 restart-deferred reason=health-failures:7:http-200 active_app_servers=2
2026-06-24T15:07:54+03:00 health-fail count=8 pid=none http=200 ms=3 app_servers=2
2026-06-24T15:07:54+03:00 restart-deferred reason=health-failures:8:http-200 active_app_servers=2
2026-06-24T15:09:56+03:00 health-fail count=9 pid=none http=200 ms=2 app_servers=2
2026-06-24T15:09:56+03:00 restart-deferred reason=health-failures:9:http-200 active_app_servers=2
2026-06-24T15:12:11+03:00 health-fail count=10 pid=none http=200 ms=4 app_servers=2
2026-06-24T15:12:11+03:00 restart-deferred reason=health-failures:10:http-200 active_app_servers=2
2026-06-24T15:14:24+03:00 health-fail count=11 pid=none http=200 ms=2 app_servers=2
2026-06-24T15:14:24+03:00 restart-deferred reason=health-failures:11:http-200 active_app_servers=2
2026-06-24T15:16:44+03:00 health-fail count=12 pid=none http=200 ms=2 app_servers=2
2026-06-24T15:16:44+03:00 restart-deferred reason=health-failures:12:http-200 active_app_servers=2
2026-06-24T15:18:54+03:00 health-fail count=13 pid=none http=200 ms=1 app_servers=2
2026-06-24T15:18:54+03:00 restart-deferred reason=health-failures:13:http-200 active_app_servers=2
2026-06-24T15:21:14+03:00 health-fail count=14 pid=none http=200 ms=3 app_servers=2
2026-06-24T15:21:14+03:00 restart-deferred reason=health-failures:14:http-200 active_app_servers=2
2026-06-24T15:23:34+03:00 health-fail count=15 pid=none http=200 ms=3 app_servers=0
2026-06-24T15:23:34+03:00 restart-gateway reason=health-failures:15:http-200
2026-06-24T15:23:45+03:00 post-restart health=200 1419
2026-06-24T15:25:54+03:00 health-fail count=1 pid=none http=200 ms=3 app_servers=0
2026-06-24T15:27:56+03:00 health-fail count=2 pid=none http=200 ms=1 app_servers=2
2026-06-24T15:27:56+03:00 restart-deferred reason=health-failures:2:http-200 active_app_servers=2
2026-06-24T15:30:13+03:00 health-fail count=3 pid=none http=200 ms=1 app_servers=8
2026-06-24T15:30:13+03:00 restart-deferred reason=health-failures:3:http-200 active_app_servers=8
2026-06-24T15:32:24+03:00 health-fail count=4 pid=none http=200 ms=1 app_servers=8
2026-06-24T15:32:24+03:00 restart-deferred reason=health-failures:4:http-200 active_app_servers=8
2026-06-24T15:34:44+03:00 health-fail count=5 pid=none http=200 ms=4 app_servers=8
2026-06-24T15:34:45+03:00 restart-deferred reason=health-failures:5:http-200 active_app_servers=8
2026-06-24T15:36:54+03:00 health-fail count=6 pid=none http=200 ms=1 app_servers=8
2026-06-24T15:36:54+03:00 restart-deferred reason=health-failures:6:http-200 active_app_servers=8
2026-06-24T15:39:14+03:00 health-fail count=7 pid=none http=200 ms=2 app_servers=8
2026-06-24T15:39:14+03:00 restart-deferred reason=health-failures:7:http-200 active_app_servers=8
2026-06-24T15:41:35+03:00 health-fail count=8 pid=none http=200 ms=5 app_servers=8
2026-06-24T15:41:35+03:00 restart-deferred reason=health-failures:8:http-200 active_app_servers=8
2026-06-24T15:43:54+03:00 health-fail count=9 pid=none http=200 ms=1 app_servers=8
2026-06-24T15:43:54+03:00 restart-deferred reason=health-failures:9:http-200 active_app_servers=8
2026-06-24T15:46:15+03:00 health-fail count=10 pid=none http=200 ms=1 app_servers=8
2026-06-24T15:46:15+03:00 restart-deferred reason=health-failures:10:http-200 active_app_servers=8
2026-06-24T15:48:34+03:00 health-fail count=11 pid=none http=200 ms=1 app_servers=8
2026-06-24T15:48:34+03:00 restart-deferred reason=health-failures:11:http-200 active_app_servers=8
2026-06-24T15:50:54+03:00 health-fail count=12 pid=none http=200 ms=1 app_servers=8
2026-06-24T15:50:55+03:00 restart-deferred reason=health-failures:12:http-200 active_app_servers=8
2026-06-24T15:53:14+03:00 health-fail count=13 pid=none http=200 ms=2 app_servers=8
2026-06-24T15:53:14+03:00 restart-deferred reason=health-failures:13:http-200 active_app_servers=8
2026-06-24T15:55:18+03:00 health-fail count=14 pid=none http=200 ms=1 app_servers=8
2026-06-24T15:55:18+03:00 restart-deferred reason=health-failures:14:http-200 active_app_servers=8
2026-06-24T15:57:34+03:00 health-fail count=15 pid=none http=200 ms=2 app_servers=6
2026-06-24T15:57:34+03:00 restart-deferred reason=health-failures:15:http-200 active_app_servers=6
2026-06-24T15:59:54+03:00 health-fail count=16 pid=none http=200 ms=1 app_servers=6
2026-06-24T15:59:54+03:00 restart-deferred reason=health-failures:16:http-200 active_app_servers=6
2026-06-24T16:02:14+03:00 health-fail count=17 pid=none http=200 ms=1 app_servers=2
2026-06-24T16:02:14+03:00 restart-deferred reason=health-failures:17:http-200 active_app_servers=2
2026-06-24T16:04:34+03:00 health-fail count=18 pid=none http=200 ms=1 app_servers=2
2026-06-24T16:04:34+03:00 restart-deferred reason=health-failures:18:http-200 active_app_servers=2
2026-06-24T16:06:54+03:00 health-fail count=19 pid=none http=200 ms=1 app_servers=2
2026-06-24T16:06:54+03:00 restart-deferred reason=health-failures:19:http-200 active_app_servers=2
2026-06-24T16:09:14+03:00 health-fail count=20 pid=none http=200 ms=1 app_servers=2
2026-06-24T16:09:14+03:00 restart-deferred reason=health-failures:20:http-200 active_app_servers=2
2026-06-24T16:11:34+03:00 health-fail count=21 pid=none http=200 ms=1 app_servers=2
2026-06-24T16:11:34+03:00 restart-deferred reason=health-failures:21:http-200 active_app_servers=2
2026-06-24T16:13:54+03:00 health-fail count=22 pid=none http=200 ms=1 app_servers=2
2026-06-24T16:13:54+03:00 restart-deferred reason=health-failures:22:http-200 active_app_servers=2
2026-06-24T16:16:14+03:00 health-fail count=23 pid=none http=200 ms=2 app_servers=2
2026-06-24T16:16:14+03:00 restart-deferred reason=health-failures:23:http-200 active_app_servers=2
2026-06-24T16:18:34+03:00 health-fail count=24 pid=none http=200 ms=1 app_servers=2
2026-06-24T16:18:34+03:00 restart-deferred reason=health-failures:24:http-200 active_app_servers=2
2026-06-24T16:20:55+03:00 health-fail count=25 pid=none http=200 ms=3 app_servers=2
2026-06-24T16:20:55+03:00 restart-deferred reason=health-failures:25:http-200 active_app_servers=2
2026-06-24T16:23:14+03:00 health-fail count=26 pid=none http=200 ms=2 app_servers=2
2026-06-24T16:23:15+03:00 restart-deferred reason=health-failures:26:http-200 active_app_servers=2
2026-06-24T16:25:34+03:00 health-fail count=27 pid=none http=200 ms=1 app_servers=2
2026-06-24T16:25:34+03:00 restart-deferred reason=health-failures:27:http-200 active_app_servers=2
2026-06-24T16:27:54+03:00 health-fail count=28 pid=none http=200 ms=1 app_servers=2
2026-06-24T16:27:54+03:00 restart-deferred reason=health-failures:28:http-200 active_app_servers=2
2026-06-24T16:30:13+03:00 health-fail count=29 pid=none http=200 ms=1 app_servers=2
2026-06-24T16:30:13+03:00 restart-deferred reason=health-failures:29:http-200 active_app_servers=2
2026-06-24T16:32:25+03:00 health-fail count=30 pid=none http=200 ms=11 app_servers=2
2026-06-24T16:32:25+03:00 restart-deferred reason=health-failures:30:http-200 active_app_servers=2
2026-06-24T16:34:45+03:00 health-fail count=31 pid=none http=200 ms=2 app_servers=2
2026-06-24T16:34:45+03:00 restart-deferred reason=health-failures:31:http-200 active_app_servers=2
2026-06-24T16:36:54+03:00 health-fail count=32 pid=none http=200 ms=1 app_servers=2
2026-06-24T16:36:54+03:00 restart-deferred reason=health-failures:32:http-200 active_app_servers=2
2026-06-24T16:39:14+03:00 health-fail count=33 pid=none http=200 ms=1 app_servers=2
2026-06-24T16:39:14+03:00 restart-deferred reason=health-failures:33:http-200 active_app_servers=2
2026-06-24T16:41:34+03:00 health-fail count=34 pid=none http=200 ms=1 app_servers=2
2026-06-24T16:41:34+03:00 restart-deferred reason=health-failures:34:http-200 active_app_servers=2
2026-06-24T16:43:54+03:00 health-fail count=35 pid=none http=200 ms=1 app_servers=2
2026-06-24T16:43:54+03:00 restart-deferred reason=health-failures:35:http-200 active_app_servers=2
2026-06-24T16:46:14+03:00 health-fail count=36 pid=none http=200 ms=2 app_servers=2
2026-06-24T16:46:14+03:00 restart-deferred reason=health-failures:36:http-200 active_app_servers=2
2026-06-24T16:48:34+03:00 health-fail count=37 pid=none http=200 ms=1 app_servers=2
2026-06-24T16:48:34+03:00 restart-deferred reason=health-failures:37:http-200 active_app_servers=2
2026-06-24T16:50:54+03:00 health-fail count=38 pid=none http=200 ms=1 app_servers=2
2026-06-24T16:50:54+03:00 restart-deferred reason=health-failures:38:http-200 active_app_servers=2
2026-06-24T16:53:14+03:00 health-fail count=39 pid=none http=200 ms=1 app_servers=2
2026-06-24T16:53:14+03:00 restart-deferred reason=health-failures:39:http-200 active_app_servers=2
2026-06-24T16:55:35+03:00 health-fail count=40 pid=none http=200 ms=2 app_servers=2
2026-06-24T16:55:35+03:00 restart-deferred reason=health-failures:40:http-200 active_app_servers=2
2026-06-24T16:57:54+03:00 health-fail count=41 pid=none http=200 ms=1 app_servers=2
2026-06-24T16:57:54+03:00 restart-deferred reason=health-failures:41:http-200 active_app_servers=2
2026-06-24T17:00:14+03:00 health-fail count=42 pid=none http=200 ms=3 app_servers=4
2026-06-24T17:00:14+03:00 restart-deferred reason=health-failures:42:http-200 active_app_servers=4
2026-06-24T17:02:24+03:00 health-fail count=43 pid=none http=200 ms=3 app_servers=2
2026-06-24T17:02:24+03:00 restart-deferred reason=health-failures:43:http-200 active_app_servers=2
2026-06-24T17:04:44+03:00 health-fail count=44 pid=none http=200 ms=1 app_servers=2
2026-06-24T17:04:44+03:00 restart-deferred reason=health-failures:44:http-200 active_app_servers=2
2026-06-24T17:06:54+03:00 health-fail count=45 pid=none http=200 ms=1 app_servers=2
2026-06-24T17:06:54+03:00 restart-deferred reason=health-failures:45:http-200 active_app_servers=2
2026-06-24T17:09:14+03:00 health-fail count=46 pid=none http=200 ms=2 app_servers=2
2026-06-24T17:09:14+03:00 restart-deferred reason=health-failures:46:http-200 active_app_servers=2
2026-06-24T17:11:34+03:00 health-fail count=47 pid=none http=200 ms=1 app_servers=2
2026-06-24T17:11:34+03:00 restart-deferred reason=health-failures:47:http-200 active_app_servers=2
2026-06-24T17:13:54+03:00 health-fail count=48 pid=none http=200 ms=1 app_servers=2
2026-06-24T17:13:54+03:00 restart-deferred reason=health-failures:48:http-200 active_app_servers=2
2026-06-24T17:16:14+03:00 health-fail count=49 pid=none http=200 ms=1 app_servers=2
2026-06-24T17:16:14+03:00 restart-deferred reason=health-failures:49:http-200 active_app_servers=2
2026-06-24T17:18:34+03:00 health-fail count=50 pid=none http=200 ms=5 app_servers=2
2026-06-24T17:18:35+03:00 restart-deferred reason=health-failures:50:http-200 active_app_servers=2
2026-06-24T17:20:54+03:00 health-fail count=51 pid=none http=200 ms=2 app_servers=2
2026-06-24T17:20:54+03:00 restart-deferred reason=health-failures:51:http-200 active_app_servers=2
2026-06-24T17:23:14+03:00 health-fail count=52 pid=none http=200 ms=1 app_servers=2
2026-06-24T17:23:14+03:00 restart-deferred reason=health-failures:52:http-200 active_app_servers=2
2026-06-24T17:25:34+03:00 health-fail count=53 pid=none http=200 ms=1 app_servers=2
2026-06-24T17:25:34+03:00 restart-deferred reason=health-failures:53:http-200 active_app_servers=2
2026-06-24T17:27:54+03:00 health-fail count=54 pid=none http=200 ms=1 app_servers=2
2026-06-24T17:27:54+03:00 restart-deferred reason=health-failures:54:http-200 active_app_servers=2
2026-06-24T17:30:13+03:00 health-fail count=55 pid=none http=200 ms=1 app_servers=2
2026-06-24T17:30:13+03:00 restart-deferred reason=health-failures:55:http-200 active_app_servers=2
2026-06-24T17:32:24+03:00 health-fail count=56 pid=none http=200 ms=1 app_servers=2
2026-06-24T17:32:24+03:00 restart-deferred reason=health-failures:56:http-200 active_app_servers=2
2026-06-24T17:34:45+03:00 health-fail count=57 pid=none http=200 ms=3 app_servers=2
2026-06-24T17:34:45+03:00 restart-deferred reason=health-failures:57:http-200 active_app_servers=2
2026-06-24T17:36:55+03:00 health-fail count=58 pid=none http=200 ms=2 app_servers=2
2026-06-24T17:36:55+03:00 restart-deferred reason=health-failures:58:http-200 active_app_servers=2
2026-06-24T17:39:14+03:00 health-fail count=59 pid=none http=200 ms=1 app_servers=2
2026-06-24T17:39:14+03:00 restart-deferred reason=health-failures:59:http-200 active_app_servers=2
2026-06-24T17:41:34+03:00 health-fail count=60 pid=none http=200 ms=1 app_servers=2
2026-06-24T17:41:34+03:00 restart-deferred reason=health-failures:60:http-200 active_app_servers=2
2026-06-24T17:43:54+03:00 health-fail count=61 pid=none http=200 ms=3 app_servers=2
2026-06-24T17:43:54+03:00 restart-deferred reason=health-failures:61:http-200 active_app_servers=2
2026-06-24T17:46:10+03:00 health-fail count=62 pid=none http=200 ms=1 app_servers=4
2026-06-24T17:46:10+03:00 restart-deferred reason=health-failures:62:http-200 active_app_servers=4
2026-06-24T17:48:24+03:00 health-fail count=63 pid=none http=200 ms=1 app_servers=6
2026-06-24T17:48:24+03:00 restart-deferred reason=health-failures:63:http-200 active_app_servers=6
2026-06-24T17:50:44+03:00 health-fail count=64 pid=none http=200 ms=1 app_servers=6
2026-06-24T17:50:44+03:00 restart-deferred reason=health-failures:64:http-200 active_app_servers=6
2026-06-24T17:52:54+03:00 health-fail count=65 pid=none http=200 ms=2 app_servers=6
2026-06-24T17:52:54+03:00 restart-deferred reason=health-failures:65:http-200 active_app_servers=6
2026-06-24T17:55:15+03:00 health-fail count=66 pid=none http=200 ms=1 app_servers=6
2026-06-24T17:55:15+03:00 restart-deferred reason=health-failures:66:http-200 active_app_servers=6
2026-06-24T17:57:34+03:00 health-fail count=67 pid=none http=200 ms=1 app_servers=6
2026-06-24T17:57:35+03:00 restart-deferred reason=health-failures:67:http-200 active_app_servers=6
2026-06-24T17:59:54+03:00 health-fail count=68 pid=none http=200 ms=1 app_servers=6
2026-06-24T17:59:54+03:00 restart-deferred reason=health-failures:68:http-200 active_app_servers=6
2026-06-24T18:02:13+03:00 health-fail count=69 pid=none http=200 ms=1 app_servers=6
2026-06-24T18:02:13+03:00 restart-deferred reason=health-failures:69:http-200 active_app_servers=6
2026-06-24T18:04:24+03:00 health-fail count=70 pid=none http=200 ms=1 app_servers=8
2026-06-24T18:04:24+03:00 restart-deferred reason=health-failures:70:http-200 active_app_servers=8
2026-06-24T18:06:44+03:00 health-fail count=71 pid=none http=200 ms=1 app_servers=8
2026-06-24T18:06:44+03:00 restart-deferred reason=health-failures:71:http-200 active_app_servers=8
2026-06-24T18:08:54+03:00 health-fail count=72 pid=none http=200 ms=2 app_servers=8
2026-06-24T18:08:54+03:00 restart-deferred reason=health-failures:72:http-200 active_app_servers=8
2026-06-24T18:11:14+03:00 health-fail count=73 pid=none http=200 ms=3 app_servers=8
2026-06-24T18:11:14+03:00 restart-deferred reason=health-failures:73:http-200 active_app_servers=8
2026-06-24T18:13:34+03:00 health-fail count=74 pid=none http=200 ms=1 app_servers=8
2026-06-24T18:13:34+03:00 restart-deferred reason=health-failures:74:http-200 active_app_servers=8
2026-06-24T18:15:54+03:00 health-fail count=75 pid=none http=200 ms=1 app_servers=8
2026-06-24T18:15:54+03:00 restart-deferred reason=health-failures:75:http-200 active_app_servers=8
2026-06-24T18:17:59+03:00 health-fail count=76 pid=none http=200 ms=1 app_servers=8
2026-06-24T18:17:59+03:00 restart-deferred reason=health-failures:76:http-200 active_app_servers=8
2026-06-24T18:20:12+03:00 health-fail count=77 pid=none http=200 ms=2 app_servers=8
2026-06-24T18:20:12+03:00 restart-deferred reason=health-failures:77:http-200 active_app_servers=8
2026-06-24T18:22:15+03:00 health-fail count=78 pid=none http=200 ms=1 app_servers=8
2026-06-24T18:22:15+03:00 restart-deferred reason=health-failures:78:http-200 active_app_servers=8
2026-06-24T18:24:15+03:00 health-fail count=79 pid=none http=200 ms=2 app_servers=8
2026-06-24T18:24:15+03:00 restart-deferred reason=health-failures:79:http-200 active_app_servers=8
2026-06-24T18:26:34+03:00 health-fail count=80 pid=none http=200 ms=1 app_servers=8
2026-06-24T18:26:34+03:00 restart-deferred reason=health-failures:80:http-200 active_app_servers=8
2026-06-24T18:28:54+03:00 health-fail count=81 pid=none http=200 ms=1 app_servers=8
2026-06-24T18:28:54+03:00 restart-deferred reason=health-failures:81:http-200 active_app_servers=8
2026-06-24T18:31:14+03:00 health-fail count=82 pid=none http=200 ms=2 app_servers=8
2026-06-24T18:31:14+03:00 restart-deferred reason=health-failures:82:http-200 active_app_servers=8
2026-06-24T18:33:34+03:00 health-fail count=83 pid=none http=200 ms=1 app_servers=8
2026-06-24T18:33:35+03:00 restart-deferred reason=health-failures:83:http-200 active_app_servers=8
2026-06-24T18:35:54+03:00 health-fail count=84 pid=none http=200 ms=1 app_servers=8
2026-06-24T18:35:54+03:00 restart-deferred reason=health-failures:84:http-200 active_app_servers=8
2026-06-24T18:38:14+03:00 health-fail count=85 pid=none http=200 ms=1 app_servers=8
2026-06-24T18:38:14+03:00 restart-deferred reason=health-failures:85:http-200 active_app_servers=8
2026-06-24T18:40:34+03:00 health-fail count=86 pid=none http=200 ms=1 app_servers=8
2026-06-24T18:40:34+03:00 restart-deferred reason=health-failures:86:http-200 active_app_servers=8
2026-06-24T18:42:54+03:00 health-fail count=87 pid=none http=200 ms=1 app_servers=8
2026-06-24T18:42:54+03:00 restart-deferred reason=health-failures:87:http-200 active_app_servers=8
2026-06-24T18:45:14+03:00 health-fail count=88 pid=none http=200 ms=1 app_servers=8
2026-06-24T18:45:14+03:00 restart-deferred reason=health-failures:88:http-200 active_app_servers=8
2026-06-24T18:47:34+03:00 health-fail count=89 pid=none http=200 ms=1 app_servers=8
2026-06-24T18:47:34+03:00 restart-deferred reason=health-failures:89:http-200 active_app_servers=8
2026-06-24T18:49:54+03:00 health-fail count=90 pid=none http=200 ms=1 app_servers=8
2026-06-24T18:49:54+03:00 restart-deferred reason=health-failures:90:http-200 active_app_servers=8
2026-06-24T18:52:14+03:00 health-fail count=91 pid=none http=200 ms=1 app_servers=8
2026-06-24T18:52:14+03:00 restart-deferred reason=health-failures:91:http-200 active_app_servers=8
2026-06-24T18:54:34+03:00 health-fail count=92 pid=none http=200 ms=2 app_servers=8
2026-06-24T18:54:34+03:00 restart-deferred reason=health-failures:92:http-200 active_app_servers=8
2026-06-24T18:56:54+03:00 health-fail count=93 pid=none http=200 ms=1 app_servers=6
2026-06-24T18:56:54+03:00 restart-deferred reason=health-failures:93:http-200 active_app_servers=6
2026-06-24T18:59:14+03:00 health-fail count=94 pid=none http=200 ms=1 app_servers=6
2026-06-24T18:59:14+03:00 restart-deferred reason=health-failures:94:http-200 active_app_servers=6
2026-06-24T19:01:34+03:00 health-fail count=95 pid=none http=200 ms=1 app_servers=6
2026-06-24T19:01:34+03:00 restart-deferred reason=health-failures:95:http-200 active_app_servers=6
2026-06-24T19:03:54+03:00 health-fail count=96 pid=none http=200 ms=2 app_servers=6
2026-06-24T19:03:54+03:00 restart-deferred reason=health-failures:96:http-200 active_app_servers=6
2026-06-24T19:06:14+03:00 health-fail count=97 pid=none http=200 ms=1 app_servers=6
2026-06-24T19:06:14+03:00 restart-deferred reason=health-failures:97:http-200 active_app_servers=6
2026-06-24T19:08:34+03:00 health-fail count=98 pid=none http=200 ms=2 app_servers=6
2026-06-24T19:08:34+03:00 restart-deferred reason=health-failures:98:http-200 active_app_servers=6
2026-06-24T19:10:54+03:00 health-fail count=99 pid=none http=200 ms=2 app_servers=6
2026-06-24T19:10:54+03:00 restart-deferred reason=health-failures:99:http-200 active_app_servers=6
2026-06-24T19:13:15+03:00 health-fail count=100 pid=none http=200 ms=3 app_servers=6
2026-06-24T19:13:15+03:00 restart-deferred reason=health-failures:100:http-200 active_app_servers=6
2026-06-24T19:15:34+03:00 health-fail count=101 pid=none http=200 ms=1 app_servers=6
2026-06-24T19:15:34+03:00 restart-deferred reason=health-failures:101:http-200 active_app_servers=6
2026-06-24T19:17:54+03:00 health-fail count=102 pid=none http=200 ms=1 app_servers=6
2026-06-24T19:17:54+03:00 restart-deferred reason=health-failures:102:http-200 active_app_servers=6
2026-06-24T19:20:14+03:00 health-fail count=103 pid=none http=200 ms=1 app_servers=6
2026-06-24T19:20:14+03:00 restart-deferred reason=health-failures:103:http-200 active_app_servers=6
2026-06-24T19:22:34+03:00 health-fail count=104 pid=none http=200 ms=1 app_servers=6
2026-06-24T19:22:34+03:00 restart-deferred reason=health-failures:104:http-200 active_app_servers=6
2026-06-24T19:24:54+03:00 health-fail count=105 pid=none http=200 ms=1 app_servers=6
2026-06-24T19:24:54+03:00 restart-deferred reason=health-failures:105:http-200 active_app_servers=6
2026-06-24T19:27:14+03:00 health-fail count=106 pid=none http=200 ms=1 app_servers=6
2026-06-24T19:27:15+03:00 restart-deferred reason=health-failures:106:http-200 active_app_servers=6
2026-06-24T19:29:34+03:00 health-fail count=107 pid=none http=200 ms=1 app_servers=6
2026-06-24T19:29:34+03:00 restart-deferred reason=health-failures:107:http-200 active_app_servers=6
2026-06-24T19:31:54+03:00 health-fail count=108 pid=none http=200 ms=1 app_servers=6
2026-06-24T19:31:54+03:00 restart-deferred reason=health-failures:108:http-200 active_app_servers=6
2026-06-24T19:34:15+03:00 health-fail count=109 pid=none http=200 ms=1 app_servers=6
2026-06-24T19:34:15+03:00 restart-deferred reason=health-failures:109:http-200 active_app_servers=6
2026-06-24T19:36:35+03:00 health-fail count=110 pid=none http=200 ms=1 app_servers=6
2026-06-24T19:36:35+03:00 restart-deferred reason=health-failures:110:http-200 active_app_servers=6
2026-06-24T19:38:54+03:00 health-fail count=111 pid=none http=200 ms=1 app_servers=6
2026-06-24T19:38:54+03:00 restart-deferred reason=health-failures:111:http-200 active_app_servers=6
2026-06-24T19:41:14+03:00 health-fail count=112 pid=none http=200 ms=1 app_servers=6
2026-06-24T19:41:14+03:00 restart-deferred reason=health-failures:112:http-200 active_app_servers=6
2026-06-24T19:43:34+03:00 health-fail count=113 pid=none http=200 ms=1 app_servers=6
2026-06-24T19:43:34+03:00 restart-deferred reason=health-failures:113:http-200 active_app_servers=6
2026-06-24T19:45:36+03:00 health-fail count=114 pid=none http=200 ms=1 app_servers=6
2026-06-24T19:45:36+03:00 restart-deferred reason=health-failures:114:http-200 active_app_servers=6
2026-06-24T19:47:54+03:00 health-fail count=115 pid=none http=200 ms=1 app_servers=8
2026-06-24T19:47:54+03:00 restart-deferred reason=health-failures:115:http-200 active_app_servers=8
2026-06-24T19:50:15+03:00 health-fail count=116 pid=none http=200 ms=2 app_servers=8
2026-06-24T19:50:15+03:00 restart-deferred reason=health-failures:116:http-200 active_app_servers=8
2026-06-24T19:52:34+03:00 health-fail count=117 pid=none http=200 ms=1 app_servers=8
2026-06-24T19:52:34+03:00 restart-deferred reason=health-failures:117:http-200 active_app_servers=8
2026-06-24T19:54:54+03:00 health-fail count=118 pid=none http=200 ms=1 app_servers=8
2026-06-24T19:54:54+03:00 restart-deferred reason=health-failures:118:http-200 active_app_servers=8
2026-06-24T19:57:14+03:00 health-fail count=119 pid=none http=200 ms=1 app_servers=8
2026-06-24T19:57:14+03:00 restart-deferred reason=health-failures:119:http-200 active_app_servers=8
2026-06-24T19:59:34+03:00 health-fail count=120 pid=none http=200 ms=1 app_servers=8
2026-06-24T19:59:34+03:00 restart-deferred reason=health-failures:120:http-200 active_app_servers=8
2026-06-24T20:01:38+03:00 health-fail count=121 pid=none http=200 ms=1 app_servers=8
2026-06-24T20:01:38+03:00 restart-deferred reason=health-failures:121:http-200 active_app_servers=8
2026-06-24T20:03:54+03:00 health-fail count=122 pid=none http=200 ms=1 app_servers=6
2026-06-24T20:03:54+03:00 restart-deferred reason=health-failures:122:http-200 active_app_servers=6
2026-06-24T20:06:14+03:00 health-fail count=123 pid=none http=200 ms=2 app_servers=6
2026-06-24T20:06:14+03:00 restart-deferred reason=health-failures:123:http-200 active_app_servers=6
2026-06-24T20:08:34+03:00 health-fail count=124 pid=none http=200 ms=1 app_servers=6
2026-06-24T20:08:34+03:00 restart-deferred reason=health-failures:124:http-200 active_app_servers=6
2026-06-24T20:10:54+03:00 health-fail count=125 pid=none http=200 ms=1 app_servers=6
2026-06-24T20:10:54+03:00 restart-deferred reason=health-failures:125:http-200 active_app_servers=6
2026-06-24T20:13:14+03:00 health-fail count=126 pid=none http=200 ms=1 app_servers=6
2026-06-24T20:13:14+03:00 restart-deferred reason=health-failures:126:http-200 active_app_servers=6
2026-06-24T20:15:34+03:00 health-fail count=127 pid=none http=200 ms=1 app_servers=6
2026-06-24T20:15:34+03:00 restart-deferred reason=health-failures:127:http-200 active_app_servers=6
2026-06-24T20:17:54+03:00 health-fail count=128 pid=none http=200 ms=1 app_servers=6
2026-06-24T20:17:54+03:00 restart-deferred reason=health-failures:128:http-200 active_app_servers=6
2026-06-24T20:20:03+03:00 health-fail count=129 pid=none http=200 ms=2 app_servers=8
2026-06-24T20:20:03+03:00 restart-deferred reason=health-failures:129:http-200 active_app_servers=8
2026-06-24T20:22:10+03:00 health-fail count=130 pid=none http=200 ms=8 app_servers=8
2026-06-24T20:22:10+03:00 restart-deferred reason=health-failures:130:http-200 active_app_servers=8
2026-06-24T20:24:17+03:00 health-fail count=131 pid=none http=200 ms=6 app_servers=8
2026-06-24T20:24:17+03:00 restart-deferred reason=health-failures:131:http-200 active_app_servers=8
2026-06-24T20:26:19+03:00 health-fail count=132 pid=none http=200 ms=6 app_servers=8
2026-06-24T20:26:19+03:00 restart-deferred reason=health-failures:132:http-200 active_app_servers=8
2026-06-24T20:28:20+03:00 health-fail count=133 pid=none http=200 ms=19 app_servers=8
2026-06-24T20:28:20+03:00 restart-deferred reason=health-failures:133:http-200 active_app_servers=8
2026-06-24T20:30:35+03:00 health-fail count=134 pid=none http=200 ms=2 app_servers=8
2026-06-24T20:30:35+03:00 restart-deferred reason=health-failures:134:http-200 active_app_servers=8
2026-06-24T20:32:36+03:00 health-fail count=135 pid=none http=200 ms=1 app_servers=8
2026-06-24T20:32:36+03:00 restart-deferred reason=health-failures:135:http-200 active_app_servers=8
2026-06-24T20:34:54+03:00 health-fail count=136 pid=none http=200 ms=1 app_servers=8
2026-06-24T20:34:54+03:00 restart-deferred reason=health-failures:136:http-200 active_app_servers=8
2026-06-24T20:36:59+03:00 health-fail count=137 pid=none http=200 ms=1 app_servers=8
2026-06-24T20:36:59+03:00 restart-deferred reason=health-failures:137:http-200 active_app_servers=8
2026-06-24T20:39:03+03:00 health-fail count=138 pid=none http=200 ms=1 app_servers=8
2026-06-24T20:39:03+03:00 restart-deferred reason=health-failures:138:http-200 active_app_servers=8
2026-06-24T20:41:16+03:00 health-fail count=139 pid=none http=200 ms=1 app_servers=8
2026-06-24T20:41:16+03:00 restart-deferred reason=health-failures:139:http-200 active_app_servers=8
2026-06-24T20:43:21+03:00 health-fail count=140 pid=none http=200 ms=6 app_servers=8
2026-06-24T20:43:21+03:00 restart-deferred reason=health-failures:140:http-200 active_app_servers=8
2026-06-24T20:45:35+03:00 health-fail count=141 pid=none http=200 ms=293 app_servers=8
2026-06-24T20:45:35+03:00 restart-deferred reason=health-failures:141:http-200 active_app_servers=8
2026-06-24T20:47:54+03:00 health-fail count=142 pid=none http=200 ms=1 app_servers=8
2026-06-24T20:47:54+03:00 restart-deferred reason=health-failures:142:http-200 active_app_servers=8
2026-06-24T20:50:14+03:00 health-fail count=143 pid=none http=200 ms=1 app_servers=8
2026-06-24T20:50:14+03:00 restart-deferred reason=health-failures:143:http-200 active_app_servers=8
2026-06-24T20:52:35+03:00 health-fail count=144 pid=none http=200 ms=23 app_servers=8
2026-06-24T20:52:35+03:00 restart-deferred reason=health-failures:144:http-200 active_app_servers=8
2026-06-24T20:54:54+03:00 health-fail count=145 pid=none http=200 ms=2 app_servers=8
2026-06-24T20:54:54+03:00 restart-deferred reason=health-failures:145:http-200 active_app_servers=8
2026-06-24T20:56:54+03:00 health-fail count=146 pid=none http=200 ms=1 app_servers=8
2026-06-24T20:56:54+03:00 restart-deferred reason=health-failures:146:http-200 active_app_servers=8
2026-06-24T20:58:57+03:00 health-fail count=147 pid=none http=200 ms=1 app_servers=8
2026-06-24T20:58:57+03:00 restart-deferred reason=health-failures:147:http-200 active_app_servers=8
2026-06-24T21:01:15+03:00 health-fail count=148 pid=none http=200 ms=1 app_servers=8
2026-06-24T21:01:15+03:00 restart-deferred reason=health-failures:148:http-200 active_app_servers=8
2026-06-24T21:03:34+03:00 health-fail count=149 pid=none http=200 ms=1 app_servers=8
2026-06-24T21:03:34+03:00 restart-deferred reason=health-failures:149:http-200 active_app_servers=8
2026-06-24T21:05:54+03:00 health-fail count=150 pid=none http=200 ms=1 app_servers=8
2026-06-24T21:05:54+03:00 restart-deferred reason=health-failures:150:http-200 active_app_servers=8
2026-06-24T21:08:14+03:00 health-fail count=151 pid=none http=200 ms=1 app_servers=8
2026-06-24T21:08:14+03:00 restart-deferred reason=health-failures:151:http-200 active_app_servers=8
2026-06-24T21:10:34+03:00 health-fail count=152 pid=none http=200 ms=1 app_servers=8
2026-06-24T21:10:34+03:00 restart-deferred reason=health-failures:152:http-200 active_app_servers=8
2026-06-24T21:12:54+03:00 health-fail count=153 pid=none http=200 ms=1 app_servers=8
2026-06-24T21:12:54+03:00 restart-deferred reason=health-failures:153:http-200 active_app_servers=8
2026-06-24T21:15:14+03:00 health-fail count=154 pid=none http=200 ms=1 app_servers=8
2026-06-24T21:15:14+03:00 restart-deferred reason=health-failures:154:http-200 active_app_servers=8
2026-06-24T21:17:27+03:00 health-fail count=155 pid=none http=200 ms=1 app_servers=8
2026-06-24T21:17:27+03:00 restart-deferred reason=health-failures:155:http-200 active_app_servers=8
2026-06-24T21:19:45+03:00 health-fail count=156 pid=none http=200 ms=1 app_servers=8
2026-06-24T21:19:45+03:00 restart-deferred reason=health-failures:156:http-200 active_app_servers=8
2026-06-24T21:21:47+03:00 health-fail count=157 pid=none http=200 ms=2 app_servers=8
2026-06-24T21:21:47+03:00 restart-deferred reason=health-failures:157:http-200 active_app_servers=8
2026-06-24T21:23:55+03:00 health-fail count=158 pid=none http=200 ms=2 app_servers=8
2026-06-24T21:23:55+03:00 restart-deferred reason=health-failures:158:http-200 active_app_servers=8
2026-06-24T21:26:15+03:00 health-fail count=159 pid=none http=200 ms=4 app_servers=8
2026-06-24T21:26:15+03:00 restart-deferred reason=health-failures:159:http-200 active_app_servers=8
2026-06-24T21:28:18+03:00 health-fail count=160 pid=none http=200 ms=7 app_servers=8
2026-06-24T21:28:18+03:00 restart-deferred reason=health-failures:160:http-200 active_app_servers=8
2026-06-24T21:30:28+03:00 health-fail count=161 pid=none http=200 ms=11 app_servers=8
2026-06-24T21:30:28+03:00 restart-deferred reason=health-failures:161:http-200 active_app_servers=8
2026-06-24T21:32:33+03:00 health-fail count=162 pid=none http=200 ms=1 app_servers=8
2026-06-24T21:32:33+03:00 restart-deferred reason=health-failures:162:http-200 active_app_servers=8
2026-06-24T21:34:43+03:00 health-fail count=163 pid=none http=200 ms=4 app_servers=8
2026-06-24T21:34:44+03:00 restart-deferred reason=health-failures:163:http-200 active_app_servers=8
2026-06-24T21:36:55+03:00 health-fail count=164 pid=none http=200 ms=2 app_servers=8
2026-06-24T21:36:55+03:00 restart-deferred reason=health-failures:164:http-200 active_app_servers=8
2026-06-24T21:39:14+03:00 health-fail count=165 pid=none http=200 ms=1 app_servers=8
2026-06-24T21:39:14+03:00 restart-deferred reason=health-failures:165:http-200 active_app_servers=8
2026-06-24T21:41:24+03:00 health-fail count=166 pid=none http=200 ms=11 app_servers=8
2026-06-24T21:41:24+03:00 restart-deferred reason=health-failures:166:http-200 active_app_servers=8
2026-06-24T21:43:35+03:00 health-fail count=167 pid=none http=200 ms=1 app_servers=8
2026-06-24T21:43:35+03:00 restart-deferred reason=health-failures:167:http-200 active_app_servers=8
2026-06-24T21:45:37+03:00 health-fail count=168 pid=none http=200 ms=10 app_servers=8
2026-06-24T21:45:37+03:00 restart-deferred reason=health-failures:168:http-200 active_app_servers=8
2026-06-24T21:47:44+03:00 health-fail count=169 pid=none http=200 ms=1 app_servers=8
2026-06-24T21:47:44+03:00 restart-deferred reason=health-failures:169:http-200 active_app_servers=8
2026-06-24T21:49:50+03:00 health-fail count=170 pid=none http=200 ms=2 app_servers=8
2026-06-24T21:49:50+03:00 restart-deferred reason=health-failures:170:http-200 active_app_servers=8
2026-06-24T21:51:58+03:00 health-fail count=171 pid=none http=200 ms=92 app_servers=8
2026-06-24T21:51:58+03:00 restart-deferred reason=health-failures:171:http-200 active_app_servers=8
2026-06-24T21:54:15+03:00 health-fail count=172 pid=none http=200 ms=3 app_servers=8
2026-06-24T21:54:15+03:00 restart-deferred reason=health-failures:172:http-200 active_app_servers=8
2026-06-24T21:56:23+03:00 health-fail count=173 pid=none http=200 ms=1 app_servers=8
2026-06-24T21:56:23+03:00 restart-deferred reason=health-failures:173:http-200 active_app_servers=8
2026-06-24T21:58:30+03:00 health-fail count=174 pid=none http=200 ms=14 app_servers=6
2026-06-24T21:58:30+03:00 restart-deferred reason=health-failures:174:http-200 active_app_servers=6
2026-06-24T22:00:36+03:00 health-fail count=175 pid=none http=200 ms=5 app_servers=6
2026-06-24T22:00:36+03:00 restart-deferred reason=health-failures:175:http-200 active_app_servers=6
2026-06-24T22:02:42+03:00 health-fail count=176 pid=none http=200 ms=1006 app_servers=6
2026-06-24T22:02:42+03:00 restart-deferred reason=health-failures:176:http-200 active_app_servers=6
2026-06-24T22:04:46+03:00 health-fail count=177 pid=none http=200 ms=1 app_servers=6
2026-06-24T22:04:46+03:00 restart-deferred reason=health-failures:177:http-200 active_app_servers=6
2026-06-24T22:06:52+03:00 health-fail count=178 pid=none http=200 ms=2 app_servers=6
2026-06-24T22:06:52+03:00 restart-deferred reason=health-failures:178:http-200 active_app_servers=6
2026-06-24T22:08:55+03:00 health-fail count=179 pid=none http=200 ms=1 app_servers=6
2026-06-24T22:08:55+03:00 restart-deferred reason=health-failures:179:http-200 active_app_servers=6
2026-06-24T22:10:57+03:00 health-fail count=180 pid=none http=200 ms=202 app_servers=6
2026-06-24T22:10:57+03:00 restart-deferred reason=health-failures:180:http-200 active_app_servers=6
2026-06-24T22:12:58+03:00 health-fail count=181 pid=none http=200 ms=1 app_servers=6
2026-06-24T22:12:58+03:00 restart-deferred reason=health-failures:181:http-200 active_app_servers=6
2026-06-24T22:15:18+03:00 health-fail count=182 pid=none http=200 ms=168 app_servers=6
2026-06-24T22:15:18+03:00 restart-deferred reason=health-failures:182:http-200 active_app_servers=6
2026-06-24T22:17:15+03:00 health-fail count=183 pid=none http=200 ms=1 app_servers=6
2026-06-24T22:17:15+03:00 restart-deferred reason=health-failures:183:http-200 active_app_servers=6
2026-06-24T22:19:21+03:00 health-fail count=184 pid=none http=200 ms=1 app_servers=6
2026-06-24T22:19:21+03:00 restart-deferred reason=health-failures:184:http-200 active_app_servers=6
2026-06-24T22:21:37+03:00 health-fail count=185 pid=none http=200 ms=535 app_servers=6
2026-06-24T22:21:37+03:00 restart-deferred reason=health-failures:185:http-200 active_app_servers=6
2026-06-24T22:23:36+03:00 health-fail count=186 pid=none http=200 ms=261 app_servers=6
2026-06-24T22:23:36+03:00 restart-deferred reason=health-failures:186:http-200 active_app_servers=6
2026-06-24T22:25:47+03:00 health-fail count=187 pid=none http=200 ms=1 app_servers=6
2026-06-24T22:25:47+03:00 restart-deferred reason=health-failures:187:http-200 active_app_servers=6
2026-06-24T22:27:56+03:00 health-fail count=188 pid=none http=200 ms=428 app_servers=6
2026-06-24T22:27:56+03:00 restart-deferred reason=health-failures:188:http-200 active_app_servers=6
2026-06-24T22:29:55+03:00 health-fail count=189 pid=none http=200 ms=1011 app_servers=6
2026-06-24T22:29:55+03:00 restart-deferred reason=health-failures:189:http-200 active_app_servers=6
2026-06-24T22:32:17+03:00 health-fail count=190 pid=none http=200 ms=1772 app_servers=6
2026-06-24T22:32:17+03:00 restart-deferred reason=health-failures:190:http-200 active_app_servers=6
2026-06-24T22:34:34+03:00 health-fail count=191 pid=none http=200 ms=1 app_servers=8
2026-06-24T22:34:34+03:00 restart-deferred reason=health-failures:191:http-200 active_app_servers=8
2026-06-24T22:36:53+03:00 health-fail count=192 pid=none http=200 ms=3131 app_servers=8
2026-06-24T22:36:53+03:00 restart-deferred reason=health-failures:192:http-200 active_app_servers=8
2026-06-24T22:38:55+03:00 health-fail count=193 pid=none http=200 ms=1 app_servers=8
2026-06-24T22:38:55+03:00 restart-deferred reason=health-failures:193:http-200 active_app_servers=8
2026-06-24T22:41:14+03:00 health-fail count=194 pid=none http=200 ms=1 app_servers=8
2026-06-24T22:41:14+03:00 restart-deferred reason=health-failures:194:http-200 active_app_servers=8
2026-06-24T22:43:34+03:00 health-fail count=195 pid=none http=200 ms=1 app_servers=8
2026-06-24T22:43:34+03:00 restart-deferred reason=health-failures:195:http-200 active_app_servers=8
2026-06-24T22:45:37+03:00 health-fail count=196 pid=none http=200 ms=1 app_servers=8
2026-06-24T22:45:37+03:00 restart-deferred reason=health-failures:196:http-200 active_app_servers=8
2026-06-24T22:47:55+03:00 health-fail count=197 pid=none http=200 ms=1 app_servers=8
2026-06-24T22:47:55+03:00 restart-deferred reason=health-failures:197:http-200 active_app_servers=8
2026-06-24T22:50:15+03:00 health-fail count=198 pid=none http=200 ms=2 app_servers=8
2026-06-24T22:50:15+03:00 restart-deferred reason=health-failures:198:http-200 active_app_servers=8
2026-06-24T22:52:26+03:00 health-fail count=199 pid=none http=200 ms=3 app_servers=8
2026-06-24T22:52:26+03:00 restart-deferred reason=health-failures:199:http-200 active_app_servers=8
2026-06-24T22:54:44+03:00 health-fail count=200 pid=none http=200 ms=2 app_servers=8
2026-06-24T22:54:44+03:00 restart-deferred reason=health-failures:200:http-200 active_app_servers=8
2026-06-24T22:56:53+03:00 health-fail count=201 pid=none http=200 ms=1 app_servers=8
2026-06-24T22:56:53+03:00 restart-deferred reason=health-failures:201:http-200 active_app_servers=8
2026-06-24T22:58:53+03:00 health-fail count=202 pid=none http=200 ms=1 app_servers=8
2026-06-24T22:58:53+03:00 restart-deferred reason=health-failures:202:http-200 active_app_servers=8
2026-06-24T23:00:55+03:00 health-fail count=203 pid=none http=200 ms=2 app_servers=8
2026-06-24T23:00:55+03:00 restart-deferred reason=health-failures:203:http-200 active_app_servers=8
2026-06-24T23:03:14+03:00 health-fail count=204 pid=none http=200 ms=2 app_servers=8
2026-06-24T23:03:14+03:00 restart-deferred reason=health-failures:204:http-200 active_app_servers=8
2026-06-24T23:05:22+03:00 health-fail count=205 pid=none http=200 ms=3 app_servers=8
2026-06-24T23:05:22+03:00 restart-deferred reason=health-failures:205:http-200 active_app_servers=8
2026-06-24T23:07:27+03:00 health-fail count=206 pid=none http=200 ms=1 app_servers=8
2026-06-24T23:07:27+03:00 restart-deferred reason=health-failures:206:http-200 active_app_servers=8
2026-06-24T23:09:45+03:00 health-fail count=207 pid=none http=200 ms=16 app_servers=8
2026-06-24T23:09:45+03:00 restart-deferred reason=health-failures:207:http-200 active_app_servers=8
2026-06-24T23:11:55+03:00 health-fail count=208 pid=none http=200 ms=2 app_servers=8
2026-06-24T23:11:55+03:00 restart-deferred reason=health-failures:208:http-200 active_app_servers=8
2026-06-24T23:14:15+03:00 health-fail count=209 pid=none http=200 ms=1 app_servers=8
2026-06-24T23:14:15+03:00 restart-deferred reason=health-failures:209:http-200 active_app_servers=8
2026-06-24T23:16:35+03:00 health-fail count=210 pid=none http=200 ms=1 app_servers=8
2026-06-24T23:16:35+03:00 restart-deferred reason=health-failures:210:http-200 active_app_servers=8
2026-06-24T23:18:55+03:00 health-fail count=211 pid=none http=200 ms=1 app_servers=8
2026-06-24T23:18:55+03:00 restart-deferred reason=health-failures:211:http-200 active_app_servers=8
2026-06-24T23:21:14+03:00 health-fail count=212 pid=none http=200 ms=1 app_servers=8
2026-06-24T23:21:14+03:00 restart-deferred reason=health-failures:212:http-200 active_app_servers=8
2026-06-24T23:23:35+03:00 health-fail count=213 pid=none http=200 ms=105 app_servers=8
2026-06-24T23:23:35+03:00 restart-deferred reason=health-failures:213:http-200 active_app_servers=8
2026-06-24T23:25:55+03:00 health-fail count=214 pid=none http=200 ms=637 app_servers=8
2026-06-24T23:25:55+03:00 restart-deferred reason=health-failures:214:http-200 active_app_servers=8
2026-06-24T23:28:15+03:00 health-fail count=215 pid=none http=200 ms=547 app_servers=8
2026-06-24T23:28:15+03:00 restart-deferred reason=health-failures:215:http-200 active_app_servers=8
2026-06-24T23:30:35+03:00 health-fail count=216 pid=none http=200 ms=870 app_servers=8
2026-06-24T23:30:35+03:00 restart-deferred reason=health-failures:216:http-200 active_app_servers=8
2026-06-24T23:32:55+03:00 health-fail count=217 pid=none http=200 ms=580 app_servers=8
2026-06-24T23:32:55+03:00 restart-deferred reason=health-failures:217:http-200 active_app_servers=8
2026-06-24T23:35:15+03:00 health-fail count=218 pid=none http=200 ms=641 app_servers=8
2026-06-24T23:35:15+03:00 restart-deferred reason=health-failures:218:http-200 active_app_servers=8
2026-06-24T23:37:35+03:00 health-fail count=219 pid=none http=200 ms=710 app_servers=8
2026-06-24T23:37:35+03:00 restart-deferred reason=health-failures:219:http-200 active_app_servers=8
2026-06-24T23:39:55+03:00 health-fail count=220 pid=none http=200 ms=874 app_servers=8
2026-06-24T23:39:55+03:00 restart-deferred reason=health-failures:220:http-200 active_app_servers=8
2026-06-24T23:42:15+03:00 health-fail count=221 pid=none http=200 ms=778 app_servers=8
2026-06-24T23:42:15+03:00 restart-deferred reason=health-failures:221:http-200 active_app_servers=8
2026-06-24T23:44:35+03:00 health-fail count=222 pid=none http=200 ms=649 app_servers=8
2026-06-24T23:44:35+03:00 restart-deferred reason=health-failures:222:http-200 active_app_servers=8
2026-06-24T23:46:40+03:00 health-fail count=223 pid=none http=200 ms=1 app_servers=8
2026-06-24T23:46:40+03:00 restart-deferred reason=health-failures:223:http-200 active_app_servers=8
2026-06-24T23:48:48+03:00 health-fail count=224 pid=none http=200 ms=1 app_servers=8
2026-06-24T23:48:48+03:00 restart-deferred reason=health-failures:224:http-200 active_app_servers=8
2026-06-24T23:50:50+03:00 health-fail count=225 pid=none http=200 ms=1 app_servers=8
2026-06-24T23:50:50+03:00 restart-deferred reason=health-failures:225:http-200 active_app_servers=8
2026-06-24T23:52:56+03:00 health-fail count=226 pid=none http=200 ms=397 app_servers=8
2026-06-24T23:52:56+03:00 restart-deferred reason=health-failures:226:http-200 active_app_servers=8
2026-06-24T23:55:13+03:00 health-fail count=227 pid=none http=200 ms=1 app_servers=8
2026-06-24T23:55:13+03:00 restart-deferred reason=health-failures:227:http-200 active_app_servers=8
2026-06-24T23:57:25+03:00 health-fail count=228 pid=none http=200 ms=990 app_servers=8
2026-06-24T23:57:25+03:00 restart-deferred reason=health-failures:228:http-200 active_app_servers=8
2026-06-24T23:59:38+03:00 health-fail count=229 pid=none http=200 ms=1 app_servers=8
2026-06-24T23:59:38+03:00 restart-deferred reason=health-failures:229:http-200 active_app_servers=8
2026-06-25T00:01:39+03:00 health-fail count=230 pid=none http=200 ms=27 app_servers=8
2026-06-25T00:01:39+03:00 restart-deferred reason=health-failures:230:http-200 active_app_servers=8
2026-06-25T00:03:54+03:00 health-fail count=231 pid=none http=200 ms=1 app_servers=8
2026-06-25T00:03:54+03:00 restart-deferred reason=health-failures:231:http-200 active_app_servers=8
2026-06-25T00:05:56+03:00 health-fail count=232 pid=none http=200 ms=1 app_servers=8
2026-06-25T00:05:56+03:00 restart-deferred reason=health-failures:232:http-200 active_app_servers=8
2026-06-25T00:08:15+03:00 health-fail count=233 pid=none http=200 ms=1 app_servers=8
2026-06-25T00:08:15+03:00 restart-deferred reason=health-failures:233:http-200 active_app_servers=8
2026-06-25T00:10:23+03:00 health-fail count=234 pid=none http=200 ms=2 app_servers=8
2026-06-25T00:10:23+03:00 restart-deferred reason=health-failures:234:http-200 active_app_servers=8
2026-06-25T00:12:35+03:00 health-fail count=235 pid=none http=200 ms=1 app_servers=8
2026-06-25T00:12:35+03:00 restart-deferred reason=health-failures:235:http-200 active_app_servers=8
2026-06-25T00:14:55+03:00 health-fail count=236 pid=none http=200 ms=1 app_servers=8
2026-06-25T00:14:55+03:00 restart-deferred reason=health-failures:236:http-200 active_app_servers=8
2026-06-25T00:17:15+03:00 health-fail count=237 pid=none http=200 ms=1 app_servers=8
2026-06-25T00:17:15+03:00 restart-deferred reason=health-failures:237:http-200 active_app_servers=8
2026-06-25T00:19:35+03:00 health-fail count=238 pid=none http=200 ms=216 app_servers=8
2026-06-25T00:19:35+03:00 restart-deferred reason=health-failures:238:http-200 active_app_servers=8
2026-06-25T00:21:55+03:00 health-fail count=239 pid=none http=200 ms=173 app_servers=8
2026-06-25T00:21:55+03:00 restart-deferred reason=health-failures:239:http-200 active_app_servers=8
2026-06-25T00:24:14+03:00 health-fail count=240 pid=none http=200 ms=1 app_servers=8
2026-06-25T00:24:14+03:00 restart-deferred reason=health-failures:240:http-200 active_app_servers=8
2026-06-25T00:26:34+03:00 health-fail count=241 pid=none http=200 ms=1 app_servers=8
2026-06-25T00:26:34+03:00 restart-deferred reason=health-failures:241:http-200 active_app_servers=8
2026-06-25T00:28:54+03:00 health-fail count=242 pid=none http=200 ms=1 app_servers=8
2026-06-25T00:28:54+03:00 restart-deferred reason=health-failures:242:http-200 active_app_servers=8
2026-06-25T00:31:15+03:00 health-fail count=243 pid=none http=200 ms=1 app_servers=8
2026-06-25T00:31:15+03:00 restart-deferred reason=health-failures:243:http-200 active_app_servers=8
2026-06-25T00:33:35+03:00 health-fail count=244 pid=none http=200 ms=1 app_servers=8
2026-06-25T00:33:35+03:00 restart-deferred reason=health-failures:244:http-200 active_app_servers=8
2026-06-25T00:35:54+03:00 health-fail count=245 pid=none http=200 ms=1 app_servers=8
2026-06-25T00:35:54+03:00 restart-deferred reason=health-failures:245:http-200 active_app_servers=8
2026-06-25T00:38:14+03:00 health-fail count=246 pid=none http=200 ms=1 app_servers=8
2026-06-25T00:38:14+03:00 restart-deferred reason=health-failures:246:http-200 active_app_servers=8
2026-06-25T00:40:35+03:00 health-fail count=247 pid=none http=200 ms=48 app_servers=8
2026-06-25T00:40:35+03:00 restart-deferred reason=health-failures:247:http-200 active_app_servers=8
2026-06-25T00:42:54+03:00 health-fail count=248 pid=none http=200 ms=1 app_servers=8
2026-06-25T00:42:54+03:00 restart-deferred reason=health-failures:248:http-200 active_app_servers=8
2026-06-25T00:45:14+03:00 health-fail count=249 pid=none http=200 ms=1 app_servers=8
2026-06-25T00:45:14+03:00 restart-deferred reason=health-failures:249:http-200 active_app_servers=8
2026-06-25T00:47:34+03:00 health-fail count=250 pid=none http=200 ms=2 app_servers=8
2026-06-25T00:47:34+03:00 restart-deferred reason=health-failures:250:http-200 active_app_servers=8
2026-06-25T00:49:54+03:00 health-fail count=251 pid=none http=200 ms=2 app_servers=8
2026-06-25T00:49:54+03:00 restart-deferred reason=health-failures:251:http-200 active_app_servers=8
2026-06-25T00:52:14+03:00 health-fail count=252 pid=none http=200 ms=1 app_servers=8
2026-06-25T00:52:14+03:00 restart-deferred reason=health-failures:252:http-200 active_app_servers=8
2026-06-25T00:54:34+03:00 health-fail count=253 pid=none http=200 ms=1 app_servers=8
2026-06-25T00:54:34+03:00 restart-deferred reason=health-failures:253:http-200 active_app_servers=8
2026-06-25T00:56:54+03:00 health-fail count=254 pid=none http=200 ms=1 app_servers=6
2026-06-25T00:56:54+03:00 restart-deferred reason=health-failures:254:http-200 active_app_servers=6
2026-06-25T00:59:14+03:00 health-fail count=255 pid=none http=200 ms=1 app_servers=6
2026-06-25T00:59:14+03:00 restart-deferred reason=health-failures:255:http-200 active_app_servers=6
2026-06-25T01:01:34+03:00 health-fail count=256 pid=none http=200 ms=1 app_servers=6
2026-06-25T01:01:34+03:00 restart-deferred reason=health-failures:256:http-200 active_app_servers=6
2026-06-25T01:03:54+03:00 health-fail count=257 pid=none http=200 ms=1 app_servers=6
2026-06-25T01:03:54+03:00 restart-deferred reason=health-failures:257:http-200 active_app_servers=6
2026-06-25T01:06:15+03:00 health-fail count=258 pid=none http=200 ms=60 app_servers=6
2026-06-25T01:06:15+03:00 restart-deferred reason=health-failures:258:http-200 active_app_servers=6
2026-06-25T01:08:35+03:00 health-fail count=259 pid=none http=200 ms=630 app_servers=6
2026-06-25T01:08:35+03:00 restart-deferred reason=health-failures:259:http-200 active_app_servers=6
2026-06-25T01:10:56+03:00 health-fail count=260 pid=none http=200 ms=981 app_servers=6
2026-06-25T01:10:56+03:00 restart-deferred reason=health-failures:260:http-200 active_app_servers=6
2026-06-25T01:13:15+03:00 health-fail count=261 pid=none http=200 ms=838 app_servers=6
2026-06-25T01:13:15+03:00 restart-deferred reason=health-failures:261:http-200 active_app_servers=6
2026-06-25T01:15:36+03:00 health-fail count=262 pid=none http=200 ms=1098 app_servers=6
2026-06-25T01:15:36+03:00 restart-deferred reason=health-failures:262:http-200 active_app_servers=6
2026-06-25T01:17:56+03:00 health-fail count=263 pid=none http=200 ms=1054 app_servers=6
2026-06-25T01:17:56+03:00 restart-deferred reason=health-failures:263:http-200 active_app_servers=6
2026-06-25T01:20:16+03:00 health-fail count=264 pid=none http=200 ms=1305 app_servers=6
2026-06-25T01:20:16+03:00 restart-deferred reason=health-failures:264:http-200 active_app_servers=6
2026-06-25T01:22:36+03:00 health-fail count=265 pid=none http=200 ms=1260 app_servers=6
2026-06-25T01:22:36+03:00 restart-deferred reason=health-failures:265:http-200 active_app_servers=6
2026-06-25T01:24:55+03:00 health-fail count=266 pid=none http=200 ms=990 app_servers=6
2026-06-25T01:24:55+03:00 restart-deferred reason=health-failures:266:http-200 active_app_servers=6
2026-06-25T01:27:16+03:00 health-fail count=267 pid=none http=200 ms=1042 app_servers=6
2026-06-25T01:27:16+03:00 restart-deferred reason=health-failures:267:http-200 active_app_servers=6
2026-06-25T01:29:36+03:00 health-fail count=268 pid=none http=200 ms=1067 app_servers=6
2026-06-25T01:29:36+03:00 restart-deferred reason=health-failures:268:http-200 active_app_servers=6
2026-06-25T01:31:56+03:00 health-fail count=269 pid=none http=200 ms=1112 app_servers=6
2026-06-25T01:31:56+03:00 restart-deferred reason=health-failures:269:http-200 active_app_servers=6
2026-06-25T01:34:16+03:00 health-fail count=270 pid=none http=200 ms=1398 app_servers=6
2026-06-25T01:34:16+03:00 restart-deferred reason=health-failures:270:http-200 active_app_servers=6
2026-06-25T01:36:36+03:00 health-fail count=271 pid=none http=200 ms=1107 app_servers=6
2026-06-25T01:36:36+03:00 restart-deferred reason=health-failures:271:http-200 active_app_servers=6
2026-06-25T01:38:56+03:00 health-fail count=272 pid=none http=200 ms=1239 app_servers=6
2026-06-25T01:38:56+03:00 restart-deferred reason=health-failures:272:http-200 active_app_servers=6
2026-06-25T01:41:16+03:00 health-fail count=273 pid=none http=200 ms=1141 app_servers=6
2026-06-25T01:41:16+03:00 restart-deferred reason=health-failures:273:http-200 active_app_servers=6
2026-06-25T01:43:36+03:00 health-fail count=274 pid=none http=200 ms=1321 app_servers=6
2026-06-25T01:43:36+03:00 restart-deferred reason=health-failures:274:http-200 active_app_servers=6
2026-06-25T01:45:56+03:00 health-fail count=275 pid=none http=200 ms=1341 app_servers=6
2026-06-25T01:45:56+03:00 restart-deferred reason=health-failures:275:http-200 active_app_servers=6
2026-06-25T01:48:16+03:00 health-fail count=276 pid=none http=200 ms=1223 app_servers=6
2026-06-25T01:48:16+03:00 restart-deferred reason=health-failures:276:http-200 active_app_servers=6
2026-06-25T01:50:17+03:00 health-fail count=277 pid=none http=200 ms=1 app_servers=6
2026-06-25T01:50:17+03:00 restart-deferred reason=health-failures:277:http-200 active_app_servers=6
2026-06-25T01:52:36+03:00 health-fail count=278 pid=none http=200 ms=1274 app_servers=6
2026-06-25T01:52:36+03:00 restart-deferred reason=health-failures:278:http-200 active_app_servers=6
2026-06-25T01:54:56+03:00 health-fail count=279 pid=none http=200 ms=1134 app_servers=6
2026-06-25T01:54:56+03:00 restart-deferred reason=health-failures:279:http-200 active_app_servers=6
2026-06-25T01:57:16+03:00 health-fail count=280 pid=none http=200 ms=1199 app_servers=6
2026-06-25T01:57:16+03:00 restart-deferred reason=health-failures:280:http-200 active_app_servers=6
2026-06-25T01:59:18+03:00 health-fail count=281 pid=none http=200 ms=1 app_servers=6
2026-06-25T01:59:18+03:00 restart-deferred reason=health-failures:281:http-200 active_app_servers=6
2026-06-25T02:01:27+03:00 health-fail count=282 pid=none http=200 ms=327 app_servers=6
2026-06-25T02:01:27+03:00 restart-deferred reason=health-failures:282:http-200 active_app_servers=6
2026-06-25T02:03:31+03:00 health-fail count=283 pid=none http=200 ms=1 app_servers=6
2026-06-25T02:03:31+03:00 restart-deferred reason=health-failures:283:http-200 active_app_servers=6
2026-06-25T02:05:31+03:00 health-fail count=284 pid=none http=200 ms=1 app_servers=6
2026-06-25T02:05:31+03:00 restart-deferred reason=health-failures:284:http-200 active_app_servers=6
2026-06-25T02:07:44+03:00 health-fail count=285 pid=none http=200 ms=1 app_servers=6
2026-06-25T02:07:44+03:00 restart-deferred reason=health-failures:285:http-200 active_app_servers=6
2026-06-25T02:09:54+03:00 health-fail count=286 pid=none http=200 ms=1 app_servers=6
2026-06-25T02:09:54+03:00 restart-deferred reason=health-failures:286:http-200 active_app_servers=6
2026-06-25T02:12:15+03:00 health-fail count=287 pid=none http=200 ms=1 app_servers=6
2026-06-25T02:12:15+03:00 restart-deferred reason=health-failures:287:http-200 active_app_servers=6
2026-06-25T02:14:34+03:00 health-fail count=288 pid=none http=200 ms=1 app_servers=6
2026-06-25T02:14:34+03:00 restart-deferred reason=health-failures:288:http-200 active_app_servers=6
2026-06-25T02:16:40+03:00 health-fail count=289 pid=none http=200 ms=1 app_servers=6
2026-06-25T02:16:40+03:00 restart-deferred reason=health-failures:289:http-200 active_app_servers=6
2026-06-25T02:18:50+03:00 health-fail count=290 pid=none http=200 ms=1 app_servers=6
2026-06-25T02:18:50+03:00 restart-deferred reason=health-failures:290:http-200 active_app_servers=6
2026-06-25T02:20:54+03:00 health-fail count=291 pid=none http=200 ms=1 app_servers=6
2026-06-25T02:20:54+03:00 restart-deferred reason=health-failures:291:http-200 active_app_servers=6
2026-06-25T02:23:14+03:00 health-fail count=292 pid=none http=200 ms=1 app_servers=6
2026-06-25T02:23:14+03:00 restart-deferred reason=health-failures:292:http-200 active_app_servers=6
2026-06-25T02:25:34+03:00 health-fail count=293 pid=none http=200 ms=1 app_servers=6
2026-06-25T02:25:34+03:00 restart-deferred reason=health-failures:293:http-200 active_app_servers=6
2026-06-25T02:27:54+03:00 health-fail count=294 pid=none http=200 ms=1 app_servers=6
2026-06-25T02:27:54+03:00 restart-deferred reason=health-failures:294:http-200 active_app_servers=6
2026-06-25T02:30:14+03:00 health-fail count=295 pid=none http=200 ms=1 app_servers=6
2026-06-25T02:30:14+03:00 restart-deferred reason=health-failures:295:http-200 active_app_servers=6
2026-06-25T02:32:34+03:00 health-fail count=296 pid=none http=200 ms=2 app_servers=6
2026-06-25T02:32:34+03:00 restart-deferred reason=health-failures:296:http-200 active_app_servers=6
2026-06-25T02:34:54+03:00 health-fail count=297 pid=none http=200 ms=1 app_servers=6
2026-06-25T02:34:54+03:00 restart-deferred reason=health-failures:297:http-200 active_app_servers=6
2026-06-25T02:37:13+03:00 health-fail count=298 pid=none http=200 ms=8 app_servers=8
2026-06-25T02:37:13+03:00 restart-deferred reason=health-failures:298:http-200 active_app_servers=8
2026-06-25T02:39:21+03:00 health-fail count=299 pid=none http=200 ms=1 app_servers=8
2026-06-25T02:39:21+03:00 restart-deferred reason=health-failures:299:http-200 active_app_servers=8
2026-06-25T02:41:34+03:00 health-fail count=300 pid=none http=200 ms=1 app_servers=8
2026-06-25T02:41:34+03:00 restart-deferred reason=health-failures:300:http-200 active_app_servers=8
2026-06-25T02:43:52+03:00 health-fail count=301 pid=none http=200 ms=1 app_servers=8
2026-06-25T02:43:52+03:00 restart-deferred reason=health-failures:301:http-200 active_app_servers=8
2026-06-25T02:45:54+03:00 health-fail count=302 pid=none http=200 ms=2 app_servers=8
2026-06-25T02:45:54+03:00 restart-deferred reason=health-failures:302:http-200 active_app_servers=8
2026-06-25T02:48:14+03:00 health-fail count=303 pid=none http=200 ms=1 app_servers=6
2026-06-25T02:48:14+03:00 restart-deferred reason=health-failures:303:http-200 active_app_servers=6
2026-06-25T02:50:34+03:00 health-fail count=304 pid=none http=200 ms=1 app_servers=6
2026-06-25T02:50:34+03:00 restart-deferred reason=health-failures:304:http-200 active_app_servers=6
2026-06-25T02:52:54+03:00 health-fail count=305 pid=none http=200 ms=1 app_servers=6
2026-06-25T02:52:54+03:00 restart-deferred reason=health-failures:305:http-200 active_app_servers=6
2026-06-25T02:55:14+03:00 health-fail count=306 pid=none http=200 ms=1 app_servers=6
2026-06-25T02:55:14+03:00 restart-deferred reason=health-failures:306:http-200 active_app_servers=6
2026-06-25T02:57:34+03:00 health-fail count=307 pid=none http=200 ms=2 app_servers=6
2026-06-25T02:57:34+03:00 restart-deferred reason=health-failures:307:http-200 active_app_servers=6
2026-06-25T02:59:54+03:00 health-fail count=308 pid=none http=200 ms=1 app_servers=6
2026-06-25T02:59:54+03:00 restart-deferred reason=health-failures:308:http-200 active_app_servers=6
2026-06-25T03:02:14+03:00 health-fail count=309 pid=none http=200 ms=1 app_servers=6
2026-06-25T03:02:14+03:00 restart-deferred reason=health-failures:309:http-200 active_app_servers=6
2026-06-25T03:04:34+03:00 health-fail count=310 pid=none http=200 ms=1 app_servers=6
2026-06-25T03:04:34+03:00 restart-deferred reason=health-failures:310:http-200 active_app_servers=6
2026-06-25T03:06:54+03:00 health-fail count=311 pid=none http=200 ms=1 app_servers=6
2026-06-25T03:06:54+03:00 restart-deferred reason=health-failures:311:http-200 active_app_servers=6
2026-06-25T03:09:14+03:00 health-fail count=312 pid=none http=200 ms=1 app_servers=6
2026-06-25T03:09:14+03:00 restart-deferred reason=health-failures:312:http-200 active_app_servers=6
2026-06-25T03:11:34+03:00 health-fail count=313 pid=none http=200 ms=2 app_servers=6
2026-06-25T03:11:34+03:00 restart-deferred reason=health-failures:313:http-200 active_app_servers=6
2026-06-25T03:13:54+03:00 health-fail count=314 pid=none http=200 ms=1 app_servers=6
2026-06-25T03:13:54+03:00 restart-deferred reason=health-failures:314:http-200 active_app_servers=6
2026-06-25T03:16:14+03:00 health-fail count=315 pid=none http=200 ms=1 app_servers=6
2026-06-25T03:16:14+03:00 restart-deferred reason=health-failures:315:http-200 active_app_servers=6
2026-06-25T03:18:34+03:00 health-fail count=316 pid=none http=200 ms=1 app_servers=6
2026-06-25T03:18:34+03:00 restart-deferred reason=health-failures:316:http-200 active_app_servers=6
2026-06-25T03:20:54+03:00 health-fail count=317 pid=none http=200 ms=27 app_servers=6
2026-06-25T03:20:54+03:00 restart-deferred reason=health-failures:317:http-200 active_app_servers=6
2026-06-25T03:23:14+03:00 health-fail count=318 pid=none http=200 ms=27 app_servers=6
2026-06-25T03:23:14+03:00 restart-deferred reason=health-failures:318:http-200 active_app_servers=6
2026-06-25T03:25:34+03:00 health-fail count=319 pid=none http=200 ms=1 app_servers=6
2026-06-25T03:25:34+03:00 restart-deferred reason=health-failures:319:http-200 active_app_servers=6
2026-06-25T03:27:54+03:00 health-fail count=320 pid=none http=200 ms=1 app_servers=6
2026-06-25T03:27:54+03:00 restart-deferred reason=health-failures:320:http-200 active_app_servers=6
2026-06-25T03:30:14+03:00 health-fail count=321 pid=none http=200 ms=2 app_servers=8
2026-06-25T03:30:14+03:00 restart-deferred reason=health-failures:321:http-200 active_app_servers=8
2026-06-25T03:32:34+03:00 health-fail count=322 pid=none http=200 ms=2 app_servers=6
2026-06-25T03:32:34+03:00 restart-deferred reason=health-failures:322:http-200 active_app_servers=6
2026-06-25T03:34:54+03:00 health-fail count=323 pid=none http=200 ms=1 app_servers=6
2026-06-25T03:34:54+03:00 restart-deferred reason=health-failures:323:http-200 active_app_servers=6
2026-06-25T03:37:14+03:00 health-fail count=324 pid=none http=200 ms=1 app_servers=6
2026-06-25T03:37:14+03:00 restart-deferred reason=health-failures:324:http-200 active_app_servers=6
2026-06-25T03:39:34+03:00 health-fail count=325 pid=none http=200 ms=1 app_servers=6
2026-06-25T03:39:34+03:00 restart-deferred reason=health-failures:325:http-200 active_app_servers=6
2026-06-25T03:41:54+03:00 health-fail count=326 pid=none http=200 ms=1 app_servers=6
2026-06-25T03:41:54+03:00 restart-deferred reason=health-failures:326:http-200 active_app_servers=6
2026-06-25T03:44:14+03:00 health-fail count=327 pid=none http=200 ms=1 app_servers=6
2026-06-25T03:44:14+03:00 restart-deferred reason=health-failures:327:http-200 active_app_servers=6
2026-06-25T03:46:34+03:00 health-fail count=328 pid=none http=200 ms=1 app_servers=6
2026-06-25T03:46:34+03:00 restart-deferred reason=health-failures:328:http-200 active_app_servers=6
2026-06-25T03:48:54+03:00 health-fail count=329 pid=none http=200 ms=1 app_servers=6
2026-06-25T03:48:54+03:00 restart-deferred reason=health-failures:329:http-200 active_app_servers=6
2026-06-25T03:51:14+03:00 health-fail count=330 pid=none http=200 ms=1 app_servers=6
2026-06-25T03:51:14+03:00 restart-deferred reason=health-failures:330:http-200 active_app_servers=6
2026-06-25T03:53:34+03:00 health-fail count=331 pid=none http=200 ms=1 app_servers=6
2026-06-25T03:53:34+03:00 restart-deferred reason=health-failures:331:http-200 active_app_servers=6
2026-06-25T03:55:36+03:00 health-fail count=332 pid=none http=200 ms=1 app_servers=8
2026-06-25T03:55:36+03:00 restart-deferred reason=health-failures:332:http-200 active_app_servers=8
2026-06-25T03:57:54+03:00 health-fail count=333 pid=none http=200 ms=1 app_servers=6
2026-06-25T03:57:54+03:00 restart-deferred reason=health-failures:333:http-200 active_app_servers=6
2026-06-25T04:00:15+03:00 health-fail count=334 pid=none http=200 ms=2 app_servers=6
2026-06-25T04:00:15+03:00 restart-deferred reason=health-failures:334:http-200 active_app_servers=6
2026-06-25T04:02:34+03:00 health-fail count=335 pid=none http=200 ms=1 app_servers=6
2026-06-25T04:02:34+03:00 restart-deferred reason=health-failures:335:http-200 active_app_servers=6
2026-06-25T04:04:54+03:00 health-fail count=336 pid=none http=200 ms=1 app_servers=6
2026-06-25T04:04:54+03:00 restart-deferred reason=health-failures:336:http-200 active_app_servers=6
2026-06-25T04:07:14+03:00 health-fail count=337 pid=none http=200 ms=1 app_servers=4
2026-06-25T04:07:14+03:00 restart-deferred reason=health-failures:337:http-200 active_app_servers=4
2026-06-25T04:09:34+03:00 health-fail count=338 pid=none http=200 ms=1 app_servers=4
2026-06-25T04:09:34+03:00 restart-deferred reason=health-failures:338:http-200 active_app_servers=4
2026-06-25T04:11:54+03:00 health-fail count=339 pid=none http=200 ms=1 app_servers=4
2026-06-25T04:11:54+03:00 restart-deferred reason=health-failures:339:http-200 active_app_servers=4
2026-06-25T04:14:14+03:00 health-fail count=340 pid=none http=200 ms=1 app_servers=4
2026-06-25T04:14:14+03:00 restart-deferred reason=health-failures:340:http-200 active_app_servers=4
2026-06-25T04:16:34+03:00 health-fail count=341 pid=none http=200 ms=1 app_servers=4
2026-06-25T04:16:34+03:00 restart-deferred reason=health-failures:341:http-200 active_app_servers=4
2026-06-25T04:18:54+03:00 health-fail count=342 pid=none http=200 ms=1 app_servers=4
2026-06-25T04:18:54+03:00 restart-deferred reason=health-failures:342:http-200 active_app_servers=4
2026-06-25T04:21:14+03:00 health-fail count=343 pid=none http=200 ms=2 app_servers=4
2026-06-25T04:21:14+03:00 restart-deferred reason=health-failures:343:http-200 active_app_servers=4
2026-06-25T04:23:34+03:00 health-fail count=344 pid=none http=200 ms=1 app_servers=4
2026-06-25T04:23:34+03:00 restart-deferred reason=health-failures:344:http-200 active_app_servers=4
2026-06-25T04:25:54+03:00 health-fail count=345 pid=none http=200 ms=1 app_servers=4
2026-06-25T04:25:54+03:00 restart-deferred reason=health-failures:345:http-200 active_app_servers=4
2026-06-25T04:28:14+03:00 health-fail count=346 pid=none http=200 ms=1 app_servers=4
2026-06-25T04:28:14+03:00 restart-deferred reason=health-failures:346:http-200 active_app_servers=4
2026-06-25T04:30:34+03:00 health-fail count=347 pid=none http=200 ms=1 app_servers=4
2026-06-25T04:30:34+03:00 restart-deferred reason=health-failures:347:http-200 active_app_servers=4
2026-06-25T04:32:54+03:00 health-fail count=348 pid=none http=200 ms=1 app_servers=4
2026-06-25T04:32:54+03:00 restart-deferred reason=health-failures:348:http-200 active_app_servers=4
2026-06-25T04:35:14+03:00 health-fail count=349 pid=none http=200 ms=1 app_servers=4
2026-06-25T04:35:14+03:00 restart-deferred reason=health-failures:349:http-200 active_app_servers=4
2026-06-25T04:37:34+03:00 health-fail count=350 pid=none http=200 ms=1 app_servers=4
2026-06-25T04:37:34+03:00 restart-deferred reason=health-failures:350:http-200 active_app_servers=4
2026-06-25T04:39:54+03:00 health-fail count=351 pid=none http=200 ms=1 app_servers=4
2026-06-25T04:39:54+03:00 restart-deferred reason=health-failures:351:http-200 active_app_servers=4
2026-06-25T04:42:14+03:00 health-fail count=352 pid=none http=200 ms=1 app_servers=4
2026-06-25T04:42:14+03:00 restart-deferred reason=health-failures:352:http-200 active_app_servers=4
2026-06-25T04:44:34+03:00 health-fail count=353 pid=none http=200 ms=1 app_servers=4
2026-06-25T04:44:34+03:00 restart-deferred reason=health-failures:353:http-200 active_app_servers=4
2026-06-25T04:46:54+03:00 health-fail count=354 pid=none http=200 ms=1 app_servers=4
2026-06-25T04:46:54+03:00 restart-deferred reason=health-failures:354:http-200 active_app_servers=4
2026-06-25T04:49:14+03:00 health-fail count=355 pid=none http=200 ms=1 app_servers=4
2026-06-25T04:49:14+03:00 restart-deferred reason=health-failures:355:http-200 active_app_servers=4
2026-06-25T04:51:34+03:00 health-fail count=356 pid=none http=200 ms=1 app_servers=4
2026-06-25T04:51:34+03:00 restart-deferred reason=health-failures:356:http-200 active_app_servers=4
2026-06-25T04:53:54+03:00 health-fail count=357 pid=none http=200 ms=1 app_servers=4
2026-06-25T04:53:54+03:00 restart-deferred reason=health-failures:357:http-200 active_app_servers=4
2026-06-25T04:56:14+03:00 health-fail count=358 pid=none http=200 ms=1 app_servers=4
2026-06-25T04:56:14+03:00 restart-deferred reason=health-failures:358:http-200 active_app_servers=4
2026-06-25T04:58:34+03:00 health-fail count=359 pid=none http=200 ms=1 app_servers=4
2026-06-25T04:58:34+03:00 restart-deferred reason=health-failures:359:http-200 active_app_servers=4
2026-06-25T05:00:54+03:00 health-fail count=360 pid=none http=200 ms=1 app_servers=4
2026-06-25T05:00:54+03:00 restart-deferred reason=health-failures:360:http-200 active_app_servers=4
2026-06-25T05:03:14+03:00 health-fail count=361 pid=none http=200 ms=1 app_servers=4
2026-06-25T05:03:14+03:00 restart-deferred reason=health-failures:361:http-200 active_app_servers=4
2026-06-25T05:05:34+03:00 health-fail count=362 pid=none http=200 ms=1 app_servers=4
2026-06-25T05:05:34+03:00 restart-deferred reason=health-failures:362:http-200 active_app_servers=4
2026-06-25T05:07:54+03:00 health-fail count=363 pid=none http=200 ms=1 app_servers=4
2026-06-25T05:07:54+03:00 restart-deferred reason=health-failures:363:http-200 active_app_servers=4
2026-06-25T05:10:14+03:00 health-fail count=364 pid=none http=200 ms=1 app_servers=4
2026-06-25T05:10:14+03:00 restart-deferred reason=health-failures:364:http-200 active_app_servers=4
2026-06-25T05:12:34+03:00 health-fail count=365 pid=none http=200 ms=2 app_servers=4
2026-06-25T05:12:34+03:00 restart-deferred reason=health-failures:365:http-200 active_app_servers=4
2026-06-25T05:14:48+03:00 health-fail count=366 pid=none http=200 ms=1 app_servers=4
2026-06-25T05:14:48+03:00 restart-deferred reason=health-failures:366:http-200 active_app_servers=4
2026-06-25T05:16:54+03:00 health-fail count=367 pid=none http=200 ms=4 app_servers=4
2026-06-25T05:16:54+03:00 restart-deferred reason=health-failures:367:http-200 active_app_servers=4
2026-06-25T05:19:14+03:00 health-fail count=368 pid=none http=200 ms=1 app_servers=4
2026-06-25T05:19:14+03:00 restart-deferred reason=health-failures:368:http-200 active_app_servers=4
2026-06-25T05:21:34+03:00 health-fail count=369 pid=none http=200 ms=1 app_servers=4
2026-06-25T05:21:34+03:00 restart-deferred reason=health-failures:369:http-200 active_app_servers=4
2026-06-25T05:23:54+03:00 health-fail count=370 pid=none http=200 ms=1 app_servers=4
2026-06-25T05:23:54+03:00 restart-deferred reason=health-failures:370:http-200 active_app_servers=4
2026-06-25T05:26:14+03:00 health-fail count=371 pid=none http=200 ms=1 app_servers=4
2026-06-25T05:26:14+03:00 restart-deferred reason=health-failures:371:http-200 active_app_servers=4
2026-06-25T05:28:34+03:00 health-fail count=372 pid=none http=200 ms=1 app_servers=4
2026-06-25T05:28:34+03:00 restart-deferred reason=health-failures:372:http-200 active_app_servers=4
2026-06-25T05:30:54+03:00 health-fail count=373 pid=none http=200 ms=2 app_servers=4
2026-06-25T05:30:54+03:00 restart-deferred reason=health-failures:373:http-200 active_app_servers=4
2026-06-25T05:33:14+03:00 health-fail count=374 pid=none http=200 ms=1 app_servers=4
2026-06-25T05:33:14+03:00 restart-deferred reason=health-failures:374:http-200 active_app_servers=4
2026-06-25T05:35:34+03:00 health-fail count=375 pid=none http=200 ms=9 app_servers=4
2026-06-25T05:35:34+03:00 restart-deferred reason=health-failures:375:http-200 active_app_servers=4
2026-06-25T05:37:55+03:00 health-fail count=376 pid=none http=200 ms=96 app_servers=4
2026-06-25T05:37:55+03:00 restart-deferred reason=health-failures:376:http-200 active_app_servers=4
2026-06-25T05:40:15+03:00 health-fail count=377 pid=none http=200 ms=71 app_servers=4
2026-06-25T05:40:15+03:00 restart-deferred reason=health-failures:377:http-200 active_app_servers=4
2026-06-25T05:42:35+03:00 health-fail count=378 pid=none http=200 ms=79 app_servers=4
2026-06-25T05:42:35+03:00 restart-deferred reason=health-failures:378:http-200 active_app_servers=4
2026-06-25T05:44:54+03:00 health-fail count=379 pid=none http=200 ms=1 app_servers=6
2026-06-25T05:44:54+03:00 restart-deferred reason=health-failures:379:http-200 active_app_servers=6
2026-06-25T05:47:15+03:00 health-fail count=380 pid=none http=200 ms=7 app_servers=6
2026-06-25T05:47:15+03:00 restart-deferred reason=health-failures:380:http-200 active_app_servers=6
2026-06-25T05:49:34+03:00 health-fail count=381 pid=none http=200 ms=4 app_servers=6
2026-06-25T05:49:34+03:00 restart-deferred reason=health-failures:381:http-200 active_app_servers=6
2026-06-25T05:51:54+03:00 health-fail count=382 pid=none http=200 ms=2 app_servers=6
2026-06-25T05:51:54+03:00 restart-deferred reason=health-failures:382:http-200 active_app_servers=6
2026-06-25T05:54:14+03:00 health-fail count=383 pid=none http=200 ms=1 app_servers=6
2026-06-25T05:54:14+03:00 restart-deferred reason=health-failures:383:http-200 active_app_servers=6
2026-06-25T05:56:34+03:00 health-fail count=384 pid=none http=200 ms=1 app_servers=6
2026-06-25T05:56:34+03:00 restart-deferred reason=health-failures:384:http-200 active_app_servers=6
2026-06-25T05:58:54+03:00 health-fail count=385 pid=none http=200 ms=1 app_servers=6
2026-06-25T05:58:54+03:00 restart-deferred reason=health-failures:385:http-200 active_app_servers=6
2026-06-25T06:01:14+03:00 health-fail count=386 pid=none http=200 ms=1 app_servers=6
2026-06-25T06:01:14+03:00 restart-deferred reason=health-failures:386:http-200 active_app_servers=6
2026-06-25T06:03:23+03:00 health-fail count=387 pid=none http=200 ms=1 app_servers=8
2026-06-25T06:03:23+03:00 restart-deferred reason=health-failures:387:http-200 active_app_servers=8
2026-06-25T06:05:34+03:00 health-fail count=388 pid=none http=200 ms=3 app_servers=8
2026-06-25T06:05:34+03:00 restart-deferred reason=health-failures:388:http-200 active_app_servers=8
2026-06-25T06:07:54+03:00 health-fail count=389 pid=none http=200 ms=1 app_servers=8
2026-06-25T06:07:54+03:00 restart-deferred reason=health-failures:389:http-200 active_app_servers=8
2026-06-25T06:10:14+03:00 health-fail count=390 pid=none http=200 ms=1 app_servers=8
2026-06-25T06:10:14+03:00 restart-deferred reason=health-failures:390:http-200 active_app_servers=8
2026-06-25T06:12:34+03:00 health-fail count=391 pid=none http=200 ms=1 app_servers=8
2026-06-25T06:12:34+03:00 restart-deferred reason=health-failures:391:http-200 active_app_servers=8
2026-06-25T06:14:54+03:00 health-fail count=392 pid=none http=200 ms=1 app_servers=8
2026-06-25T06:14:54+03:00 restart-deferred reason=health-failures:392:http-200 active_app_servers=8
2026-06-25T06:17:14+03:00 health-fail count=393 pid=none http=200 ms=1 app_servers=8
2026-06-25T06:17:14+03:00 restart-deferred reason=health-failures:393:http-200 active_app_servers=8
2026-06-25T06:19:34+03:00 health-fail count=394 pid=none http=200 ms=1 app_servers=8
2026-06-25T06:19:34+03:00 restart-deferred reason=health-failures:394:http-200 active_app_servers=8
2026-06-25T06:21:54+03:00 health-fail count=395 pid=none http=200 ms=1 app_servers=8
2026-06-25T06:21:54+03:00 restart-deferred reason=health-failures:395:http-200 active_app_servers=8
2026-06-25T06:24:14+03:00 health-fail count=396 pid=none http=200 ms=2 app_servers=8
2026-06-25T06:24:14+03:00 restart-deferred reason=health-failures:396:http-200 active_app_servers=8
2026-06-25T06:26:34+03:00 health-fail count=397 pid=none http=200 ms=1 app_servers=8
2026-06-25T06:26:34+03:00 restart-deferred reason=health-failures:397:http-200 active_app_servers=8
2026-06-25T06:28:54+03:00 health-fail count=398 pid=none http=200 ms=1 app_servers=8
2026-06-25T06:28:54+03:00 restart-deferred reason=health-failures:398:http-200 active_app_servers=8
2026-06-25T06:31:14+03:00 health-fail count=399 pid=none http=200 ms=1 app_servers=8
2026-06-25T06:31:14+03:00 restart-deferred reason=health-failures:399:http-200 active_app_servers=8
2026-06-25T06:33:34+03:00 health-fail count=400 pid=none http=200 ms=1 app_servers=8
2026-06-25T06:33:34+03:00 restart-deferred reason=health-failures:400:http-200 active_app_servers=8
2026-06-25T06:35:54+03:00 health-fail count=401 pid=none http=200 ms=5 app_servers=8
2026-06-25T06:35:54+03:00 restart-deferred reason=health-failures:401:http-200 active_app_servers=8
2026-06-25T06:38:14+03:00 health-fail count=402 pid=none http=200 ms=1 app_servers=8
2026-06-25T06:38:14+03:00 restart-deferred reason=health-failures:402:http-200 active_app_servers=8
2026-06-25T06:40:34+03:00 health-fail count=403 pid=none http=200 ms=1 app_servers=8
2026-06-25T06:40:34+03:00 restart-deferred reason=health-failures:403:http-200 active_app_servers=8
2026-06-25T06:42:54+03:00 health-fail count=404 pid=none http=200 ms=1 app_servers=8
2026-06-25T06:42:54+03:00 restart-deferred reason=health-failures:404:http-200 active_app_servers=8
2026-06-25T06:45:14+03:00 health-fail count=405 pid=none http=200 ms=1 app_servers=8
2026-06-25T06:45:14+03:00 restart-deferred reason=health-failures:405:http-200 active_app_servers=8
2026-06-25T06:47:34+03:00 health-fail count=406 pid=none http=200 ms=1 app_servers=8
2026-06-25T06:47:34+03:00 restart-deferred reason=health-failures:406:http-200 active_app_servers=8
2026-06-25T06:49:54+03:00 health-fail count=407 pid=none http=200 ms=1 app_servers=8
2026-06-25T06:49:54+03:00 restart-deferred reason=health-failures:407:http-200 active_app_servers=8
2026-06-25T06:52:14+03:00 health-fail count=408 pid=none http=200 ms=2 app_servers=8
2026-06-25T06:52:14+03:00 restart-deferred reason=health-failures:408:http-200 active_app_servers=8
2026-06-25T06:54:34+03:00 health-fail count=409 pid=none http=200 ms=1 app_servers=8
2026-06-25T06:54:34+03:00 restart-deferred reason=health-failures:409:http-200 active_app_servers=8
2026-06-25T06:56:54+03:00 health-fail count=410 pid=none http=200 ms=1 app_servers=8
2026-06-25T06:56:54+03:00 restart-deferred reason=health-failures:410:http-200 active_app_servers=8
2026-06-25T06:59:14+03:00 health-fail count=411 pid=none http=200 ms=1 app_servers=8
2026-06-25T06:59:14+03:00 restart-deferred reason=health-failures:411:http-200 active_app_servers=8
2026-06-25T07:01:34+03:00 health-fail count=412 pid=none http=200 ms=1 app_servers=8
2026-06-25T07:01:34+03:00 restart-deferred reason=health-failures:412:http-200 active_app_servers=8
2026-06-25T07:03:54+03:00 health-fail count=413 pid=none http=200 ms=1 app_servers=8
2026-06-25T07:03:54+03:00 restart-deferred reason=health-failures:413:http-200 active_app_servers=8
2026-06-25T07:06:14+03:00 health-fail count=414 pid=none http=200 ms=1 app_servers=8
2026-06-25T07:06:14+03:00 restart-deferred reason=health-failures:414:http-200 active_app_servers=8
2026-06-25T07:08:34+03:00 health-fail count=415 pid=none http=200 ms=1 app_servers=8
2026-06-25T07:08:34+03:00 restart-deferred reason=health-failures:415:http-200 active_app_servers=8
2026-06-25T07:10:54+03:00 health-fail count=416 pid=none http=200 ms=1 app_servers=8
2026-06-25T07:10:54+03:00 restart-deferred reason=health-failures:416:http-200 active_app_servers=8
2026-06-25T07:13:14+03:00 health-fail count=417 pid=none http=200 ms=1 app_servers=8
2026-06-25T07:13:14+03:00 restart-deferred reason=health-failures:417:http-200 active_app_servers=8
2026-06-25T07:15:35+03:00 health-fail count=418 pid=none http=200 ms=1 app_servers=8
2026-06-25T07:15:35+03:00 restart-deferred reason=health-failures:418:http-200 active_app_servers=8
2026-06-25T07:17:54+03:00 health-fail count=419 pid=none http=200 ms=1 app_servers=8
2026-06-25T07:17:54+03:00 restart-deferred reason=health-failures:419:http-200 active_app_servers=8
2026-06-25T07:20:15+03:00 health-fail count=420 pid=none http=200 ms=1 app_servers=8
2026-06-25T07:20:15+03:00 restart-deferred reason=health-failures:420:http-200 active_app_servers=8
2026-06-25T07:22:34+03:00 health-fail count=421 pid=none http=200 ms=2 app_servers=6
2026-06-25T07:22:34+03:00 restart-deferred reason=health-failures:421:http-200 active_app_servers=6
2026-06-25T07:24:54+03:00 health-fail count=422 pid=none http=200 ms=1 app_servers=6
2026-06-25T07:24:54+03:00 restart-deferred reason=health-failures:422:http-200 active_app_servers=6
2026-06-25T07:27:14+03:00 health-fail count=423 pid=none http=200 ms=1 app_servers=6
2026-06-25T07:27:14+03:00 restart-deferred reason=health-failures:423:http-200 active_app_servers=6
2026-06-25T07:29:34+03:00 health-fail count=424 pid=none http=200 ms=1 app_servers=6
2026-06-25T07:29:34+03:00 restart-deferred reason=health-failures:424:http-200 active_app_servers=6
2026-06-25T07:31:54+03:00 health-fail count=425 pid=none http=200 ms=1 app_servers=6
2026-06-25T07:31:54+03:00 restart-deferred reason=health-failures:425:http-200 active_app_servers=6
2026-06-25T07:34:14+03:00 health-fail count=426 pid=none http=200 ms=1 app_servers=6
2026-06-25T07:34:14+03:00 restart-deferred reason=health-failures:426:http-200 active_app_servers=6
2026-06-25T07:36:34+03:00 health-fail count=427 pid=none http=200 ms=1 app_servers=6
2026-06-25T07:36:34+03:00 restart-deferred reason=health-failures:427:http-200 active_app_servers=6
2026-06-25T07:38:54+03:00 health-fail count=428 pid=none http=200 ms=1 app_servers=6
2026-06-25T07:38:54+03:00 restart-deferred reason=health-failures:428:http-200 active_app_servers=6
2026-06-25T07:41:14+03:00 health-fail count=429 pid=none http=200 ms=1 app_servers=6
2026-06-25T07:41:14+03:00 restart-deferred reason=health-failures:429:http-200 active_app_servers=6
2026-06-25T07:43:34+03:00 health-fail count=430 pid=none http=200 ms=1 app_servers=6
2026-06-25T07:43:34+03:00 restart-deferred reason=health-failures:430:http-200 active_app_servers=6
2026-06-25T07:45:54+03:00 health-fail count=431 pid=none http=200 ms=1 app_servers=8
2026-06-25T07:45:54+03:00 restart-deferred reason=health-failures:431:http-200 active_app_servers=8
2026-06-25T07:48:14+03:00 health-fail count=432 pid=none http=200 ms=1 app_servers=8
2026-06-25T07:48:14+03:00 restart-deferred reason=health-failures:432:http-200 active_app_servers=8
2026-06-25T07:50:34+03:00 health-fail count=433 pid=none http=200 ms=1 app_servers=8
2026-06-25T07:50:34+03:00 restart-deferred reason=health-failures:433:http-200 active_app_servers=8
2026-06-25T07:52:54+03:00 health-fail count=434 pid=none http=200 ms=1 app_servers=8
2026-06-25T07:52:54+03:00 restart-deferred reason=health-failures:434:http-200 active_app_servers=8
2026-06-25T07:55:14+03:00 health-fail count=435 pid=none http=200 ms=1 app_servers=8
2026-06-25T07:55:14+03:00 restart-deferred reason=health-failures:435:http-200 active_app_servers=8
2026-06-25T07:57:34+03:00 health-fail count=436 pid=none http=200 ms=1 app_servers=8
2026-06-25T07:57:34+03:00 restart-deferred reason=health-failures:436:http-200 active_app_servers=8
2026-06-25T07:59:54+03:00 health-fail count=437 pid=none http=200 ms=1 app_servers=8
2026-06-25T07:59:54+03:00 restart-deferred reason=health-failures:437:http-200 active_app_servers=8
2026-06-25T08:02:14+03:00 health-fail count=438 pid=none http=200 ms=4 app_servers=8
2026-06-25T08:02:14+03:00 restart-deferred reason=health-failures:438:http-200 active_app_servers=8
2026-06-25T08:04:34+03:00 health-fail count=439 pid=none http=200 ms=1 app_servers=8
2026-06-25T08:04:34+03:00 restart-deferred reason=health-failures:439:http-200 active_app_servers=8
2026-06-25T08:06:54+03:00 health-fail count=440 pid=none http=200 ms=1 app_servers=8
2026-06-25T08:06:54+03:00 restart-deferred reason=health-failures:440:http-200 active_app_servers=8
2026-06-25T08:09:14+03:00 health-fail count=441 pid=none http=200 ms=1 app_servers=8
2026-06-25T08:09:14+03:00 restart-deferred reason=health-failures:441:http-200 active_app_servers=8
2026-06-25T08:11:34+03:00 health-fail count=442 pid=none http=200 ms=1 app_servers=8
2026-06-25T08:11:34+03:00 restart-deferred reason=health-failures:442:http-200 active_app_servers=8
2026-06-25T08:13:54+03:00 health-fail count=443 pid=none http=200 ms=2 app_servers=8
2026-06-25T08:13:55+03:00 restart-deferred reason=health-failures:443:http-200 active_app_servers=8
2026-06-25T08:16:14+03:00 health-fail count=444 pid=none http=200 ms=1 app_servers=8
2026-06-25T08:16:14+03:00 restart-deferred reason=health-failures:444:http-200 active_app_servers=8
2026-06-25T08:18:34+03:00 health-fail count=445 pid=none http=200 ms=1 app_servers=8
2026-06-25T08:18:34+03:00 restart-deferred reason=health-failures:445:http-200 active_app_servers=8
2026-06-25T08:20:54+03:00 health-fail count=446 pid=none http=200 ms=1 app_servers=8
2026-06-25T08:20:54+03:00 restart-deferred reason=health-failures:446:http-200 active_app_servers=8
2026-06-25T08:23:14+03:00 health-fail count=447 pid=none http=200 ms=1 app_servers=8
2026-06-25T08:23:14+03:00 restart-deferred reason=health-failures:447:http-200 active_app_servers=8
2026-06-25T08:25:34+03:00 health-fail count=448 pid=none http=200 ms=1 app_servers=8
2026-06-25T08:25:34+03:00 restart-deferred reason=health-failures:448:http-200 active_app_servers=8
2026-06-25T08:27:54+03:00 health-fail count=449 pid=none http=200 ms=1 app_servers=8
2026-06-25T08:27:54+03:00 restart-deferred reason=health-failures:449:http-200 active_app_servers=8
2026-06-25T08:30:14+03:00 health-fail count=450 pid=none http=200 ms=1 app_servers=8
2026-06-25T08:30:14+03:00 restart-deferred reason=health-failures:450:http-200 active_app_servers=8
2026-06-25T08:32:34+03:00 health-fail count=451 pid=none http=200 ms=1 app_servers=8
2026-06-25T08:32:34+03:00 restart-deferred reason=health-failures:451:http-200 active_app_servers=8
2026-06-25T08:34:54+03:00 health-fail count=452 pid=none http=200 ms=1 app_servers=8
2026-06-25T08:34:54+03:00 restart-deferred reason=health-failures:452:http-200 active_app_servers=8
2026-06-25T08:37:14+03:00 health-fail count=453 pid=none http=200 ms=1 app_servers=8
2026-06-25T08:37:14+03:00 restart-deferred reason=health-failures:453:http-200 active_app_servers=8
2026-06-25T08:39:34+03:00 health-fail count=454 pid=none http=200 ms=1 app_servers=8
2026-06-25T08:39:34+03:00 restart-deferred reason=health-failures:454:http-200 active_app_servers=8
2026-06-25T08:41:54+03:00 health-fail count=455 pid=none http=200 ms=1 app_servers=8
2026-06-25T08:41:54+03:00 restart-deferred reason=health-failures:455:http-200 active_app_servers=8
2026-06-25T08:44:14+03:00 health-fail count=456 pid=none http=200 ms=1 app_servers=8
2026-06-25T08:44:14+03:00 restart-deferred reason=health-failures:456:http-200 active_app_servers=8
2026-06-25T08:46:34+03:00 health-fail count=457 pid=none http=200 ms=1 app_servers=8
2026-06-25T08:46:34+03:00 restart-deferred reason=health-failures:457:http-200 active_app_servers=8
2026-06-25T08:48:54+03:00 health-fail count=458 pid=none http=200 ms=1 app_servers=8
2026-06-25T08:48:54+03:00 restart-deferred reason=health-failures:458:http-200 active_app_servers=8
2026-06-25T08:51:14+03:00 health-fail count=459 pid=none http=200 ms=1 app_servers=8
2026-06-25T08:51:14+03:00 restart-deferred reason=health-failures:459:http-200 active_app_servers=8
2026-06-25T08:53:34+03:00 health-fail count=460 pid=none http=200 ms=1 app_servers=8
2026-06-25T08:53:34+03:00 restart-deferred reason=health-failures:460:http-200 active_app_servers=8
2026-06-25T08:55:55+03:00 health-fail count=461 pid=none http=200 ms=1 app_servers=8
2026-06-25T08:55:55+03:00 restart-deferred reason=health-failures:461:http-200 active_app_servers=8
2026-06-25T08:58:14+03:00 health-fail count=462 pid=none http=200 ms=1 app_servers=8
2026-06-25T08:58:14+03:00 restart-deferred reason=health-failures:462:http-200 active_app_servers=8
2026-06-25T09:00:33+03:00 health-fail count=463 pid=none http=200 ms=1 app_servers=6
2026-06-25T09:00:33+03:00 restart-deferred reason=health-failures:463:http-200 active_app_servers=6
2026-06-25T09:02:44+03:00 health-fail count=464 pid=none http=200 ms=1 app_servers=6
2026-06-25T09:02:44+03:00 restart-deferred reason=health-failures:464:http-200 active_app_servers=6
2026-06-25T09:04:54+03:00 health-fail count=465 pid=none http=200 ms=2 app_servers=6
2026-06-25T09:04:54+03:00 restart-deferred reason=health-failures:465:http-200 active_app_servers=6
2026-06-25T09:07:14+03:00 health-fail count=466 pid=none http=200 ms=1 app_servers=6
2026-06-25T09:07:14+03:00 restart-deferred reason=health-failures:466:http-200 active_app_servers=6
2026-06-25T09:09:34+03:00 health-fail count=467 pid=none http=200 ms=1 app_servers=6
2026-06-25T09:09:34+03:00 restart-deferred reason=health-failures:467:http-200 active_app_servers=6
2026-06-25T09:11:36+03:00 health-fail count=468 pid=none http=200 ms=2 app_servers=8
2026-06-25T09:11:36+03:00 restart-deferred reason=health-failures:468:http-200 active_app_servers=8
2026-06-25T09:13:54+03:00 health-fail count=469 pid=none http=200 ms=1 app_servers=8
2026-06-25T09:13:54+03:00 restart-deferred reason=health-failures:469:http-200 active_app_servers=8
2026-06-25T09:16:14+03:00 health-fail count=470 pid=none http=200 ms=1 app_servers=8
2026-06-25T09:16:14+03:00 restart-deferred reason=health-failures:470:http-200 active_app_servers=8
2026-06-25T09:18:34+03:00 health-fail count=471 pid=none http=200 ms=1 app_servers=8
2026-06-25T09:18:34+03:00 restart-deferred reason=health-failures:471:http-200 active_app_servers=8
2026-06-25T09:20:36+03:00 health-fail count=472 pid=none http=200 ms=1 app_servers=8
2026-06-25T09:20:36+03:00 restart-deferred reason=health-failures:472:http-200 active_app_servers=8
2026-06-25T09:22:54+03:00 health-fail count=473 pid=none http=200 ms=3 app_servers=0
2026-06-25T09:22:54+03:00 restart-gateway reason=health-failures:473:http-200
2026-06-25T09:23:06+03:00 post-restart health=200 2571
2026-06-25T09:25:14+03:00 health-fail count=1 pid=none http=200 ms=1 app_servers=0
2026-06-25T09:27:34+03:00 health-fail count=2 pid=none http=200 ms=2 app_servers=2
2026-06-25T09:27:34+03:00 restart-deferred reason=health-failures:2:http-200 active_app_servers=2
2026-06-25T09:29:54+03:00 health-fail count=3 pid=none http=200 ms=1 app_servers=4
2026-06-25T09:29:54+03:00 restart-deferred reason=health-failures:3:http-200 active_app_servers=4
2026-06-25T09:31:59+03:00 health-fail count=4 pid=none http=200 ms=1 app_servers=4
2026-06-25T09:31:59+03:00 restart-deferred reason=health-failures:4:http-200 active_app_servers=4
2026-06-25T09:34:04+03:00 health-fail count=5 pid=none http=200 ms=1 app_servers=6
2026-06-25T09:34:04+03:00 restart-deferred reason=health-failures:5:http-200 active_app_servers=6
2026-06-25T09:36:06+03:00 health-fail count=6 pid=none http=200 ms=4 app_servers=6
2026-06-25T09:36:06+03:00 restart-deferred reason=health-failures:6:http-200 active_app_servers=6
2026-06-25T09:38:12+03:00 health-fail count=7 pid=none http=200 ms=1 app_servers=6
2026-06-25T09:38:12+03:00 restart-deferred reason=health-failures:7:http-200 active_app_servers=6
2026-06-25T09:40:22+03:00 health-fail count=8 pid=none http=200 ms=2 app_servers=6
2026-06-25T09:40:22+03:00 restart-deferred reason=health-failures:8:http-200 active_app_servers=6
2026-06-25T09:42:27+03:00 health-fail count=9 pid=none http=200 ms=1 app_servers=6
2026-06-25T09:42:27+03:00 restart-deferred reason=health-failures:9:http-200 active_app_servers=6
2026-06-25T09:44:30+03:00 health-fail count=10 pid=none http=200 ms=1 app_servers=6
2026-06-25T09:44:30+03:00 restart-deferred reason=health-failures:10:http-200 active_app_servers=6
2026-06-25T09:46:31+03:00 health-fail count=11 pid=none http=200 ms=2 app_servers=6
2026-06-25T09:46:31+03:00 restart-deferred reason=health-failures:11:http-200 active_app_servers=6
2026-06-25T09:48:36+03:00 health-fail count=12 pid=none http=200 ms=1 app_servers=6
2026-06-25T09:48:36+03:00 restart-deferred reason=health-failures:12:http-200 active_app_servers=6
2026-06-25T09:50:38+03:00 health-fail count=13 pid=none http=200 ms=4 app_servers=6
2026-06-25T09:50:38+03:00 restart-deferred reason=health-failures:13:http-200 active_app_servers=6
2026-06-25T09:52:40+03:00 health-fail count=14 pid=none http=200 ms=1 app_servers=6
2026-06-25T09:52:40+03:00 restart-deferred reason=health-failures:14:http-200 active_app_servers=6
2026-06-25T09:54:42+03:00 health-fail count=15 pid=none http=200 ms=1 app_servers=6
2026-06-25T09:54:42+03:00 restart-deferred reason=health-failures:15:http-200 active_app_servers=6
2026-06-25T09:56:46+03:00 health-fail count=16 pid=none http=200 ms=4 app_servers=8
2026-06-25T09:56:46+03:00 restart-deferred reason=health-failures:16:http-200 active_app_servers=8
2026-06-25T09:59:00+03:00 health-fail count=17 pid=none http=200 ms=153 app_servers=6
2026-06-25T09:59:00+03:00 restart-deferred reason=health-failures:17:http-200 active_app_servers=6
2026-06-25T10:01:07+03:00 health-fail count=18 pid=none http=200 ms=1 app_servers=4
2026-06-25T10:01:07+03:00 restart-deferred reason=health-failures:18:http-200 active_app_servers=4
2026-06-25T10:03:19+03:00 health-fail count=19 pid=none http=200 ms=2 app_servers=6
2026-06-25T10:03:19+03:00 restart-deferred reason=health-failures:19:http-200 active_app_servers=6
2026-06-25T10:05:21+03:00 health-fail count=20 pid=none http=200 ms=2 app_servers=6
2026-06-25T10:05:21+03:00 restart-deferred reason=health-failures:20:http-200 active_app_servers=6
2026-06-25T10:07:33+03:00 health-fail count=21 pid=none http=200 ms=7 app_servers=6
2026-06-25T10:07:33+03:00 restart-deferred reason=health-failures:21:http-200 active_app_servers=6
2026-06-25T10:09:44+03:00 health-fail count=22 pid=none http=200 ms=34 app_servers=6
2026-06-25T10:09:44+03:00 restart-deferred reason=health-failures:22:http-200 active_app_servers=6
2026-06-25T10:11:54+03:00 health-fail count=23 pid=none http=200 ms=1 app_servers=6
2026-06-25T10:11:54+03:00 restart-deferred reason=health-failures:23:http-200 active_app_servers=6
2026-06-25T10:14:08+03:00 health-fail count=24 pid=none http=200 ms=1 app_servers=8
2026-06-25T10:14:08+03:00 restart-deferred reason=health-failures:24:http-200 active_app_servers=8
2026-06-25T10:16:25+03:00 health-fail count=25 pid=none http=200 ms=1 app_servers=8
2026-06-25T10:16:25+03:00 restart-deferred reason=health-failures:25:http-200 active_app_servers=8
2026-06-25T10:18:44+03:00 health-fail count=26 pid=none http=200 ms=1 app_servers=8
2026-06-25T10:18:44+03:00 restart-deferred reason=health-failures:26:http-200 active_app_servers=8
2026-06-25T10:20:54+03:00 health-fail count=27 pid=none http=200 ms=1 app_servers=8
2026-06-25T10:20:54+03:00 restart-deferred reason=health-failures:27:http-200 active_app_servers=8
2026-06-25T10:23:14+03:00 health-fail count=28 pid=none http=200 ms=1 app_servers=8
2026-06-25T10:23:14+03:00 restart-deferred reason=health-failures:28:http-200 active_app_servers=8
2026-06-25T10:25:15+03:00 health-fail count=29 pid=none http=200 ms=1 app_servers=8
2026-06-25T10:25:15+03:00 restart-deferred reason=health-failures:29:http-200 active_app_servers=8
2026-06-25T10:27:34+03:00 health-fail count=30 pid=none http=200 ms=1 app_servers=8
2026-06-25T10:27:34+03:00 restart-deferred reason=health-failures:30:http-200 active_app_servers=8
2026-06-25T10:29:54+03:00 health-fail count=31 pid=none http=200 ms=1 app_servers=8
2026-06-25T10:29:54+03:00 restart-deferred reason=health-failures:31:http-200 active_app_servers=8
2026-06-25T10:31:55+03:00 health-fail count=32 pid=none http=200 ms=1 app_servers=8
2026-06-25T10:31:55+03:00 restart-deferred reason=health-failures:32:http-200 active_app_servers=8
2026-06-25T10:34:14+03:00 health-fail count=33 pid=none http=200 ms=1 app_servers=8
2026-06-25T10:34:14+03:00 restart-deferred reason=health-failures:33:http-200 active_app_servers=8
2026-06-25T10:36:21+03:00 health-fail count=34 pid=none http=200 ms=1 app_servers=8
2026-06-25T10:36:21+03:00 restart-deferred reason=health-failures:34:http-200 active_app_servers=8
2026-06-25T10:38:34+03:00 health-fail count=35 pid=none http=200 ms=1 app_servers=8
2026-06-25T10:38:34+03:00 restart-deferred reason=health-failures:35:http-200 active_app_servers=8
2026-06-25T10:40:54+03:00 health-fail count=36 pid=none http=200 ms=1 app_servers=8
2026-06-25T10:40:54+03:00 restart-deferred reason=health-failures:36:http-200 active_app_servers=8
2026-06-25T10:43:13+03:00 health-fail count=37 pid=none http=200 ms=2 app_servers=8
2026-06-25T10:43:13+03:00 restart-deferred reason=health-failures:37:http-200 active_app_servers=8
2026-06-25T10:45:24+03:00 health-fail count=38 pid=none http=200 ms=1 app_servers=8
2026-06-25T10:45:24+03:00 restart-deferred reason=health-failures:38:http-200 active_app_servers=8
2026-06-25T10:47:44+03:00 health-fail count=39 pid=none http=200 ms=1 app_servers=8
2026-06-25T10:47:44+03:00 restart-deferred reason=health-failures:39:http-200 active_app_servers=8
2026-06-25T10:49:54+03:00 health-fail count=40 pid=none http=200 ms=1 app_servers=8
2026-06-25T10:49:54+03:00 restart-deferred reason=health-failures:40:http-200 active_app_servers=8
2026-06-25T10:52:14+03:00 health-fail count=41 pid=none http=200 ms=1 app_servers=8
2026-06-25T10:52:14+03:00 restart-deferred reason=health-failures:41:http-200 active_app_servers=8
2026-06-25T10:54:34+03:00 health-fail count=42 pid=none http=200 ms=2 app_servers=8
2026-06-25T10:54:34+03:00 restart-deferred reason=health-failures:42:http-200 active_app_servers=8
2026-06-25T10:56:54+03:00 health-fail count=43 pid=none http=200 ms=1 app_servers=8
2026-06-25T10:56:54+03:00 restart-deferred reason=health-failures:43:http-200 active_app_servers=8
2026-06-25T10:59:14+03:00 health-fail count=44 pid=none http=200 ms=1 app_servers=8
2026-06-25T10:59:14+03:00 restart-deferred reason=health-failures:44:http-200 active_app_servers=8
2026-06-25T11:01:24+03:00 health-fail count=45 pid=none http=200 ms=1 app_servers=8
2026-06-25T11:01:24+03:00 restart-deferred reason=health-failures:45:http-200 active_app_servers=8
2026-06-25T11:03:34+03:00 health-fail count=46 pid=none http=200 ms=2 app_servers=8
2026-06-25T11:03:34+03:00 restart-deferred reason=health-failures:46:http-200 active_app_servers=8
2026-06-25T11:05:36+03:00 health-fail count=47 pid=none http=200 ms=2 app_servers=8
2026-06-25T11:05:36+03:00 restart-deferred reason=health-failures:47:http-200 active_app_servers=8
2026-06-25T11:07:36+03:00 health-fail count=48 pid=none http=200 ms=2 app_servers=8
2026-06-25T11:07:36+03:00 restart-deferred reason=health-failures:48:http-200 active_app_servers=8
2026-06-25T11:09:45+03:00 health-fail count=49 pid=none http=200 ms=2 app_servers=8
2026-06-25T11:09:45+03:00 restart-deferred reason=health-failures:49:http-200 active_app_servers=8
2026-06-25T11:11:55+03:00 health-fail count=50 pid=none http=200 ms=8 app_servers=8
2026-06-25T11:11:55+03:00 restart-deferred reason=health-failures:50:http-200 active_app_servers=8
2026-06-25T11:13:58+03:00 health-fail count=51 pid=none http=200 ms=1 app_servers=8
2026-06-25T11:13:58+03:00 restart-deferred reason=health-failures:51:http-200 active_app_servers=8
2026-06-25T11:16:06+03:00 health-fail count=52 pid=none http=200 ms=2 app_servers=8
2026-06-25T11:16:06+03:00 restart-deferred reason=health-failures:52:http-200 active_app_servers=8
2026-06-25T11:18:04+03:00 health-fail count=53 pid=none http=200 ms=1 app_servers=8
2026-06-25T11:18:04+03:00 restart-deferred reason=health-failures:53:http-200 active_app_servers=8
2026-06-25T11:20:05+03:00 health-fail count=54 pid=none http=200 ms=4 app_servers=8
2026-06-25T11:20:05+03:00 restart-deferred reason=health-failures:54:http-200 active_app_servers=8
2026-06-25T11:22:11+03:00 health-fail count=55 pid=none http=200 ms=3 app_servers=8
2026-06-25T11:22:11+03:00 restart-deferred reason=health-failures:55:http-200 active_app_servers=8
2026-06-25T11:24:24+03:00 health-fail count=56 pid=none http=200 ms=1 app_servers=8
2026-06-25T11:24:24+03:00 restart-deferred reason=health-failures:56:http-200 active_app_servers=8
2026-06-25T11:26:44+03:00 health-fail count=57 pid=none http=200 ms=1 app_servers=8
2026-06-25T11:26:44+03:00 restart-deferred reason=health-failures:57:http-200 active_app_servers=8
2026-06-25T11:28:54+03:00 health-fail count=58 pid=none http=200 ms=2 app_servers=8
2026-06-25T11:28:54+03:00 restart-deferred reason=health-failures:58:http-200 active_app_servers=8
2026-06-25T11:30:57+03:00 health-fail count=59 pid=none http=200 ms=1 app_servers=8
2026-06-25T11:30:57+03:00 restart-deferred reason=health-failures:59:http-200 active_app_servers=8
2026-06-25T11:33:14+03:00 health-fail count=60 pid=none http=200 ms=1 app_servers=8
2026-06-25T11:33:14+03:00 restart-deferred reason=health-failures:60:http-200 active_app_servers=8
2026-06-25T11:35:35+03:00 health-fail count=61 pid=none http=200 ms=2 app_servers=8
2026-06-25T11:35:35+03:00 restart-deferred reason=health-failures:61:http-200 active_app_servers=8
2026-06-25T11:37:54+03:00 health-fail count=62 pid=none http=200 ms=1 app_servers=8
2026-06-25T11:37:54+03:00 restart-deferred reason=health-failures:62:http-200 active_app_servers=8
2026-06-25T11:40:14+03:00 health-fail count=63 pid=none http=200 ms=1 app_servers=8
2026-06-25T11:40:14+03:00 restart-deferred reason=health-failures:63:http-200 active_app_servers=8
2026-06-25T11:42:34+03:00 health-fail count=64 pid=none http=200 ms=1 app_servers=8
2026-06-25T11:42:34+03:00 restart-deferred reason=health-failures:64:http-200 active_app_servers=8
2026-06-25T11:44:54+03:00 health-fail count=65 pid=none http=200 ms=2 app_servers=8
2026-06-25T11:44:54+03:00 restart-deferred reason=health-failures:65:http-200 active_app_servers=8
2026-06-25T11:47:14+03:00 health-fail count=66 pid=none http=200 ms=1 app_servers=8
2026-06-25T11:47:14+03:00 restart-deferred reason=health-failures:66:http-200 active_app_servers=8
2026-06-25T11:49:34+03:00 health-fail count=67 pid=none http=200 ms=2 app_servers=8
2026-06-25T11:49:34+03:00 restart-deferred reason=health-failures:67:http-200 active_app_servers=8
2026-06-25T11:51:54+03:00 health-fail count=68 pid=none http=200 ms=1 app_servers=8
2026-06-25T11:51:54+03:00 restart-deferred reason=health-failures:68:http-200 active_app_servers=8
2026-06-25T11:54:14+03:00 health-fail count=69 pid=none http=200 ms=1 app_servers=8
2026-06-25T11:54:14+03:00 restart-deferred reason=health-failures:69:http-200 active_app_servers=8
2026-06-25T11:56:34+03:00 health-fail count=70 pid=none http=200 ms=1 app_servers=8
2026-06-25T11:56:34+03:00 restart-deferred reason=health-failures:70:http-200 active_app_servers=8
2026-06-25T11:58:54+03:00 health-fail count=71 pid=none http=200 ms=1 app_servers=8
2026-06-25T11:58:54+03:00 restart-deferred reason=health-failures:71:http-200 active_app_servers=8
2026-06-25T12:01:07+03:00 health-fail count=72 pid=none http=200 ms=1 app_servers=6
2026-06-25T12:01:07+03:00 restart-deferred reason=health-failures:72:http-200 active_app_servers=6
2026-06-25T12:03:13+03:00 health-fail count=73 pid=none http=200 ms=1 app_servers=6
2026-06-25T12:03:13+03:00 restart-deferred reason=health-failures:73:http-200 active_app_servers=6
2026-06-25T12:05:21+03:00 health-fail count=74 pid=none http=200 ms=1 app_servers=6
2026-06-25T12:05:21+03:00 restart-deferred reason=health-failures:74:http-200 active_app_servers=6
2026-06-25T12:07:22+03:00 health-fail count=75 pid=none http=200 ms=1 app_servers=6
2026-06-25T12:07:22+03:00 restart-deferred reason=health-failures:75:http-200 active_app_servers=6
2026-06-25T12:09:34+03:00 health-fail count=76 pid=none http=200 ms=1 app_servers=6
2026-06-25T12:09:34+03:00 restart-deferred reason=health-failures:76:http-200 active_app_servers=6
2026-06-25T12:11:54+03:00 health-fail count=77 pid=none http=200 ms=2 app_servers=6
2026-06-25T12:11:54+03:00 restart-deferred reason=health-failures:77:http-200 active_app_servers=6
2026-06-25T12:14:14+03:00 health-fail count=78 pid=none http=200 ms=2 app_servers=8
2026-06-25T12:14:14+03:00 restart-deferred reason=health-failures:78:http-200 active_app_servers=8
2026-06-25T12:16:34+03:00 health-fail count=79 pid=none http=200 ms=1 app_servers=8
2026-06-25T12:16:34+03:00 restart-deferred reason=health-failures:79:http-200 active_app_servers=8
2026-06-25T12:18:53+03:00 health-fail count=80 pid=none http=200 ms=1 app_servers=10
2026-06-25T12:18:53+03:00 restart-deferred reason=health-failures:80:http-200 active_app_servers=10
2026-06-25T12:20:54+03:00 health-fail count=81 pid=none http=200 ms=1 app_servers=8
2026-06-25T12:20:54+03:00 restart-deferred reason=health-failures:81:http-200 active_app_servers=8
2026-06-25T12:23:10+03:00 health-fail count=82 pid=none http=200 ms=1 app_servers=8
2026-06-25T12:23:10+03:00 restart-deferred reason=health-failures:82:http-200 active_app_servers=8
2026-06-25T12:25:12+03:00 health-fail count=83 pid=none http=200 ms=1 app_servers=8
2026-06-25T12:25:12+03:00 restart-deferred reason=health-failures:83:http-200 active_app_servers=8
2026-06-25T12:27:24+03:00 health-fail count=84 pid=none http=200 ms=1 app_servers=8
2026-06-25T12:27:24+03:00 restart-deferred reason=health-failures:84:http-200 active_app_servers=8
2026-06-25T12:29:44+03:00 health-fail count=85 pid=none http=200 ms=1 app_servers=8
2026-06-25T12:29:44+03:00 restart-deferred reason=health-failures:85:http-200 active_app_servers=8
2026-06-25T12:31:54+03:00 health-fail count=86 pid=none http=200 ms=1 app_servers=8
2026-06-25T12:31:54+03:00 restart-deferred reason=health-failures:86:http-200 active_app_servers=8
2026-06-25T12:34:14+03:00 health-fail count=87 pid=none http=200 ms=1 app_servers=8
2026-06-25T12:34:14+03:00 restart-deferred reason=health-failures:87:http-200 active_app_servers=8
2026-06-25T12:36:34+03:00 health-fail count=88 pid=none http=200 ms=1 app_servers=8
2026-06-25T12:36:34+03:00 restart-deferred reason=health-failures:88:http-200 active_app_servers=8
2026-06-25T12:38:54+03:00 health-fail count=89 pid=none http=200 ms=1 app_servers=8
2026-06-25T12:38:54+03:00 restart-deferred reason=health-failures:89:http-200 active_app_servers=8
2026-06-25T12:41:14+03:00 health-fail count=90 pid=none http=200 ms=1 app_servers=8
2026-06-25T12:41:14+03:00 restart-deferred reason=health-failures:90:http-200 active_app_servers=8
2026-06-25T12:43:34+03:00 health-fail count=91 pid=none http=200 ms=1 app_servers=8
2026-06-25T12:43:34+03:00 restart-deferred reason=health-failures:91:http-200 active_app_servers=8
2026-06-25T12:45:54+03:00 health-fail count=92 pid=none http=200 ms=1 app_servers=8
2026-06-25T12:45:54+03:00 restart-deferred reason=health-failures:92:http-200 active_app_servers=8
2026-06-25T12:48:14+03:00 health-fail count=93 pid=none http=200 ms=1 app_servers=8
2026-06-25T12:48:14+03:00 restart-deferred reason=health-failures:93:http-200 active_app_servers=8
2026-06-25T12:50:34+03:00 health-fail count=94 pid=none http=200 ms=1 app_servers=8
2026-06-25T12:50:34+03:00 restart-deferred reason=health-failures:94:http-200 active_app_servers=8
2026-06-25T12:52:54+03:00 health-fail count=95 pid=none http=200 ms=1 app_servers=8
2026-06-25T12:52:54+03:00 restart-deferred reason=health-failures:95:http-200 active_app_servers=8
2026-06-25T12:55:15+03:00 health-fail count=96 pid=none http=200 ms=7 app_servers=8
2026-06-25T12:55:15+03:00 restart-deferred reason=health-failures:96:http-200 active_app_servers=8
2026-06-25T12:57:34+03:00 health-fail count=97 pid=none http=200 ms=1 app_servers=6
2026-06-25T12:57:34+03:00 restart-deferred reason=health-failures:97:http-200 active_app_servers=6
2026-06-25T12:59:54+03:00 health-fail count=98 pid=none http=200 ms=1 app_servers=6
2026-06-25T12:59:54+03:00 restart-deferred reason=health-failures:98:http-200 active_app_servers=6
2026-06-25T13:02:14+03:00 health-fail count=99 pid=none http=200 ms=2 app_servers=4
2026-06-25T13:02:14+03:00 restart-deferred reason=health-failures:99:http-200 active_app_servers=4
2026-06-25T13:04:35+03:00 health-fail count=100 pid=none http=200 ms=1 app_servers=4
2026-06-25T13:04:35+03:00 restart-deferred reason=health-failures:100:http-200 active_app_servers=4
2026-06-25T13:06:54+03:00 health-fail count=101 pid=none http=200 ms=2 app_servers=4
2026-06-25T13:06:54+03:00 restart-deferred reason=health-failures:101:http-200 active_app_servers=4
2026-06-25T13:09:14+03:00 health-fail count=102 pid=none http=200 ms=1 app_servers=4
2026-06-25T13:09:14+03:00 restart-deferred reason=health-failures:102:http-200 active_app_servers=4
2026-06-25T13:11:34+03:00 health-fail count=103 pid=none http=200 ms=1 app_servers=4
2026-06-25T13:11:34+03:00 restart-deferred reason=health-failures:103:http-200 active_app_servers=4
2026-06-25T13:13:54+03:00 health-fail count=104 pid=none http=200 ms=1 app_servers=4
2026-06-25T13:13:54+03:00 restart-deferred reason=health-failures:104:http-200 active_app_servers=4
2026-06-25T13:16:14+03:00 health-fail count=105 pid=none http=200 ms=1 app_servers=4
2026-06-25T13:16:14+03:00 restart-deferred reason=health-failures:105:http-200 active_app_servers=4
2026-06-25T13:18:34+03:00 health-fail count=106 pid=none http=200 ms=1 app_servers=4
2026-06-25T13:18:34+03:00 restart-deferred reason=health-failures:106:http-200 active_app_servers=4
2026-06-25T13:20:54+03:00 health-fail count=107 pid=none http=200 ms=1 app_servers=4
2026-06-25T13:20:54+03:00 restart-deferred reason=health-failures:107:http-200 active_app_servers=4
2026-06-25T13:23:14+03:00 health-fail count=108 pid=none http=200 ms=1 app_servers=4
2026-06-25T13:23:14+03:00 restart-deferred reason=health-failures:108:http-200 active_app_servers=4
2026-06-25T13:25:34+03:00 health-fail count=109 pid=none http=200 ms=1 app_servers=4
2026-06-25T13:25:34+03:00 restart-deferred reason=health-failures:109:http-200 active_app_servers=4
2026-06-25T13:27:54+03:00 health-fail count=110 pid=none http=200 ms=1 app_servers=4
2026-06-25T13:27:54+03:00 restart-deferred reason=health-failures:110:http-200 active_app_servers=4
2026-06-25T13:30:13+03:00 health-fail count=111 pid=none http=200 ms=1 app_servers=4
2026-06-25T13:30:13+03:00 restart-deferred reason=health-failures:111:http-200 active_app_servers=4
2026-06-25T13:32:24+03:00 health-fail count=112 pid=none http=200 ms=1 app_servers=4
2026-06-25T13:32:24+03:00 restart-deferred reason=health-failures:112:http-200 active_app_servers=4
2026-06-25T13:34:44+03:00 health-fail count=113 pid=none http=200 ms=1 app_servers=4
2026-06-25T13:34:44+03:00 restart-deferred reason=health-failures:113:http-200 active_app_servers=4
2026-06-25T13:36:54+03:00 health-fail count=114 pid=none http=200 ms=1 app_servers=4
2026-06-25T13:36:54+03:00 restart-deferred reason=health-failures:114:http-200 active_app_servers=4
2026-06-25T13:39:14+03:00 health-fail count=115 pid=none http=200 ms=2 app_servers=4
2026-06-25T13:39:14+03:00 restart-deferred reason=health-failures:115:http-200 active_app_servers=4
2026-06-25T13:41:34+03:00 health-fail count=116 pid=none http=200 ms=1 app_servers=4
2026-06-25T13:41:34+03:00 restart-deferred reason=health-failures:116:http-200 active_app_servers=4
2026-06-25T13:43:54+03:00 health-fail count=117 pid=none http=200 ms=1 app_servers=4
2026-06-25T13:43:54+03:00 restart-deferred reason=health-failures:117:http-200 active_app_servers=4
2026-06-25T13:46:14+03:00 health-fail count=118 pid=none http=200 ms=2 app_servers=8
2026-06-25T13:46:14+03:00 restart-deferred reason=health-failures:118:http-200 active_app_servers=8
2026-06-25T13:48:34+03:00 health-fail count=119 pid=none http=200 ms=1 app_servers=8
2026-06-25T13:48:34+03:00 restart-deferred reason=health-failures:119:http-200 active_app_servers=8
2026-06-25T13:50:54+03:00 health-fail count=120 pid=none http=200 ms=1 app_servers=8
2026-06-25T13:50:54+03:00 restart-deferred reason=health-failures:120:http-200 active_app_servers=8
2026-06-25T13:53:14+03:00 health-fail count=121 pid=none http=200 ms=1 app_servers=8
2026-06-25T13:53:14+03:00 restart-deferred reason=health-failures:121:http-200 active_app_servers=8
2026-06-25T13:55:34+03:00 health-fail count=122 pid=none http=200 ms=1 app_servers=8
2026-06-25T13:55:34+03:00 restart-deferred reason=health-failures:122:http-200 active_app_servers=8
2026-06-25T13:57:54+03:00 health-fail count=123 pid=none http=200 ms=2 app_servers=8
2026-06-25T13:57:54+03:00 restart-deferred reason=health-failures:123:http-200 active_app_servers=8
2026-06-25T14:00:13+03:00 health-fail count=124 pid=none http=200 ms=1 app_servers=8
2026-06-25T14:00:13+03:00 restart-deferred reason=health-failures:124:http-200 active_app_servers=8
2026-06-25T14:02:24+03:00 health-fail count=125 pid=none http=200 ms=1 app_servers=4
2026-06-25T14:02:24+03:00 restart-deferred reason=health-failures:125:http-200 active_app_servers=4
2026-06-25T14:04:44+03:00 health-fail count=126 pid=none http=200 ms=1 app_servers=4
2026-06-25T14:04:44+03:00 restart-deferred reason=health-failures:126:http-200 active_app_servers=4
2026-06-25T14:06:54+03:00 health-fail count=127 pid=none http=200 ms=2 app_servers=4
2026-06-25T14:06:54+03:00 restart-deferred reason=health-failures:127:http-200 active_app_servers=4
2026-06-25T14:09:14+03:00 health-fail count=128 pid=none http=200 ms=1 app_servers=4
2026-06-25T14:09:14+03:00 restart-deferred reason=health-failures:128:http-200 active_app_servers=4
2026-06-25T14:11:34+03:00 health-fail count=129 pid=none http=200 ms=1 app_servers=4
2026-06-25T14:11:34+03:00 restart-deferred reason=health-failures:129:http-200 active_app_servers=4
2026-06-25T14:13:54+03:00 health-fail count=130 pid=none http=200 ms=2 app_servers=4
2026-06-25T14:13:54+03:00 restart-deferred reason=health-failures:130:http-200 active_app_servers=4
2026-06-25T14:16:14+03:00 health-fail count=131 pid=none http=200 ms=1 app_servers=4
2026-06-25T14:16:14+03:00 restart-deferred reason=health-failures:131:http-200 active_app_servers=4
2026-06-25T14:18:34+03:00 health-fail count=132 pid=none http=200 ms=1 app_servers=4
2026-06-25T14:18:34+03:00 restart-deferred reason=health-failures:132:http-200 active_app_servers=4
2026-06-25T14:20:54+03:00 health-fail count=133 pid=none http=200 ms=1 app_servers=4
2026-06-25T14:20:54+03:00 restart-deferred reason=health-failures:133:http-200 active_app_servers=4
2026-06-25T14:23:14+03:00 health-fail count=134 pid=none http=200 ms=1 app_servers=4
2026-06-25T14:23:14+03:00 restart-deferred reason=health-failures:134:http-200 active_app_servers=4
2026-06-25T14:25:34+03:00 health-fail count=135 pid=none http=200 ms=1 app_servers=4
2026-06-25T14:25:34+03:00 restart-deferred reason=health-failures:135:http-200 active_app_servers=4
2026-06-25T14:27:54+03:00 health-fail count=136 pid=none http=200 ms=1 app_servers=4
2026-06-25T14:27:54+03:00 restart-deferred reason=health-failures:136:http-200 active_app_servers=4
2026-06-25T14:30:13+03:00 health-fail count=137 pid=none http=200 ms=2 app_servers=4
2026-06-25T14:30:13+03:00 restart-deferred reason=health-failures:137:http-200 active_app_servers=4
2026-06-25T14:32:24+03:00 health-fail count=138 pid=none http=200 ms=1 app_servers=4
2026-06-25T14:32:24+03:00 restart-deferred reason=health-failures:138:http-200 active_app_servers=4
2026-06-25T14:34:45+03:00 health-fail count=139 pid=none http=200 ms=1 app_servers=4
2026-06-25T14:34:45+03:00 restart-deferred reason=health-failures:139:http-200 active_app_servers=4
2026-06-25T14:36:54+03:00 health-fail count=140 pid=none http=200 ms=1 app_servers=4
2026-06-25T14:36:54+03:00 restart-deferred reason=health-failures:140:http-200 active_app_servers=4
2026-06-25T14:38:54+03:00 health-fail count=141 pid=none http=200 ms=1 app_servers=4
2026-06-25T14:38:54+03:00 restart-deferred reason=health-failures:141:http-200 active_app_servers=4
2026-06-25T14:40:58+03:00 health-fail count=142 pid=none http=200 ms=2 app_servers=4
2026-06-25T14:40:58+03:00 restart-deferred reason=health-failures:142:http-200 active_app_servers=4
2026-06-25T14:43:09+03:00 health-fail count=143 pid=none http=200 ms=1 app_servers=4
2026-06-25T14:43:09+03:00 restart-deferred reason=health-failures:143:http-200 active_app_servers=4
2026-06-25T14:45:24+03:00 health-fail count=144 pid=none http=200 ms=1 app_servers=4
2026-06-25T14:45:24+03:00 restart-deferred reason=health-failures:144:http-200 active_app_servers=4
2026-06-25T14:47:44+03:00 health-fail count=145 pid=none http=200 ms=1 app_servers=4
2026-06-25T14:47:44+03:00 restart-deferred reason=health-failures:145:http-200 active_app_servers=4
2026-06-25T14:49:54+03:00 health-fail count=146 pid=none http=200 ms=1 app_servers=4
2026-06-25T14:49:54+03:00 restart-deferred reason=health-failures:146:http-200 active_app_servers=4
2026-06-25T14:52:14+03:00 health-fail count=147 pid=none http=200 ms=1 app_servers=4
2026-06-25T14:52:14+03:00 restart-deferred reason=health-failures:147:http-200 active_app_servers=4
2026-06-25T14:54:34+03:00 health-fail count=148 pid=none http=200 ms=1 app_servers=4
2026-06-25T14:54:34+03:00 restart-deferred reason=health-failures:148:http-200 active_app_servers=4
2026-06-25T14:56:54+03:00 health-fail count=149 pid=none http=200 ms=1 app_servers=4
2026-06-25T14:56:54+03:00 restart-deferred reason=health-failures:149:http-200 active_app_servers=4
2026-06-25T14:59:14+03:00 health-fail count=150 pid=none http=200 ms=1 app_servers=4
2026-06-25T14:59:14+03:00 restart-deferred reason=health-failures:150:http-200 active_app_servers=4
2026-06-25T15:01:19+03:00 health-fail count=151 pid=none http=200 ms=4 app_servers=6
2026-06-25T15:01:19+03:00 restart-deferred reason=health-failures:151:http-200 active_app_servers=6
2026-06-25T15:03:34+03:00 health-fail count=152 pid=none http=200 ms=1 app_servers=6
2026-06-25T15:03:34+03:00 restart-deferred reason=health-failures:152:http-200 active_app_servers=6
2026-06-25T15:05:54+03:00 health-fail count=153 pid=none http=200 ms=1 app_servers=6
2026-06-25T15:05:54+03:00 restart-deferred reason=health-failures:153:http-200 active_app_servers=6
2026-06-25T15:08:14+03:00 health-fail count=154 pid=none http=200 ms=1 app_servers=6
2026-06-25T15:08:14+03:00 restart-deferred reason=health-failures:154:http-200 active_app_servers=6
2026-06-25T15:10:34+03:00 health-fail count=155 pid=none http=200 ms=1 app_servers=6
2026-06-25T15:10:34+03:00 restart-deferred reason=health-failures:155:http-200 active_app_servers=6
2026-06-25T15:12:54+03:00 health-fail count=156 pid=none http=200 ms=1 app_servers=6
2026-06-25T15:12:54+03:00 restart-deferred reason=health-failures:156:http-200 active_app_servers=6
2026-06-25T15:15:14+03:00 health-fail count=157 pid=none http=200 ms=1 app_servers=6
2026-06-25T15:15:14+03:00 restart-deferred reason=health-failures:157:http-200 active_app_servers=6
2026-06-25T15:17:34+03:00 health-fail count=158 pid=none http=200 ms=1 app_servers=6
2026-06-25T15:17:34+03:00 restart-deferred reason=health-failures:158:http-200 active_app_servers=6
2026-06-25T15:19:54+03:00 health-fail count=159 pid=none http=200 ms=1 app_servers=6
2026-06-25T15:19:54+03:00 restart-deferred reason=health-failures:159:http-200 active_app_servers=6
2026-06-25T15:22:14+03:00 health-fail count=160 pid=none http=200 ms=1 app_servers=6
2026-06-25T15:22:14+03:00 restart-deferred reason=health-failures:160:http-200 active_app_servers=6
2026-06-25T15:24:34+03:00 health-fail count=161 pid=none http=200 ms=1 app_servers=6
2026-06-25T15:24:34+03:00 restart-deferred reason=health-failures:161:http-200 active_app_servers=6
2026-06-25T15:26:54+03:00 health-fail count=162 pid=none http=200 ms=19 app_servers=6
2026-06-25T15:26:54+03:00 restart-deferred reason=health-failures:162:http-200 active_app_servers=6
2026-06-25T15:29:02+03:00 health-fail count=163 pid=none http=200 ms=1 app_servers=6
2026-06-25T15:29:02+03:00 restart-deferred reason=health-failures:163:http-200 active_app_servers=6
2026-06-25T15:31:14+03:00 health-fail count=164 pid=none http=200 ms=1 app_servers=6
2026-06-25T15:31:14+03:00 restart-deferred reason=health-failures:164:http-200 active_app_servers=6
2026-06-25T15:33:34+03:00 health-fail count=165 pid=none http=200 ms=1 app_servers=6
2026-06-25T15:33:34+03:00 restart-deferred reason=health-failures:165:http-200 active_app_servers=6
2026-06-25T15:35:54+03:00 health-fail count=166 pid=none http=200 ms=1 app_servers=6
2026-06-25T15:35:54+03:00 restart-deferred reason=health-failures:166:http-200 active_app_servers=6
2026-06-25T15:38:14+03:00 health-fail count=167 pid=none http=200 ms=1 app_servers=6
2026-06-25T15:38:14+03:00 restart-deferred reason=health-failures:167:http-200 active_app_servers=6
2026-06-25T15:40:34+03:00 health-fail count=168 pid=none http=200 ms=1 app_servers=6
2026-06-25T15:40:34+03:00 restart-deferred reason=health-failures:168:http-200 active_app_servers=6
2026-06-25T15:42:54+03:00 health-fail count=169 pid=none http=200 ms=1 app_servers=6
2026-06-25T15:42:54+03:00 restart-deferred reason=health-failures:169:http-200 active_app_servers=6
2026-06-25T15:45:15+03:00 health-fail count=170 pid=none http=200 ms=2 app_servers=8
2026-06-25T15:45:15+03:00 restart-deferred reason=health-failures:170:http-200 active_app_servers=8
2026-06-25T15:47:34+03:00 health-fail count=171 pid=none http=200 ms=1 app_servers=8
2026-06-25T15:47:34+03:00 restart-deferred reason=health-failures:171:http-200 active_app_servers=8
2026-06-25T15:49:54+03:00 health-fail count=172 pid=none http=200 ms=1 app_servers=8
2026-06-25T15:49:54+03:00 restart-deferred reason=health-failures:172:http-200 active_app_servers=8
2026-06-25T15:52:14+03:00 health-fail count=173 pid=none http=200 ms=1 app_servers=8
2026-06-25T15:52:14+03:00 restart-deferred reason=health-failures:173:http-200 active_app_servers=8
2026-06-25T15:54:34+03:00 health-fail count=174 pid=none http=200 ms=1 app_servers=8
2026-06-25T15:54:34+03:00 restart-deferred reason=health-failures:174:http-200 active_app_servers=8
2026-06-25T15:56:54+03:00 health-fail count=175 pid=none http=200 ms=1 app_servers=6
2026-06-25T15:56:54+03:00 restart-deferred reason=health-failures:175:http-200 active_app_servers=6
2026-06-25T15:59:14+03:00 health-fail count=176 pid=none http=200 ms=1 app_servers=6
2026-06-25T15:59:14+03:00 restart-deferred reason=health-failures:176:http-200 active_app_servers=6
2026-06-25T16:01:34+03:00 health-fail count=177 pid=none http=200 ms=2 app_servers=2
2026-06-25T16:01:35+03:00 restart-deferred reason=health-failures:177:http-200 active_app_servers=2
2026-06-25T16:03:54+03:00 health-fail count=178 pid=none http=200 ms=2 app_servers=2
2026-06-25T16:03:54+03:00 restart-deferred reason=health-failures:178:http-200 active_app_servers=2
2026-06-25T16:06:14+03:00 health-fail count=179 pid=none http=200 ms=1 app_servers=2
2026-06-25T16:06:14+03:00 restart-deferred reason=health-failures:179:http-200 active_app_servers=2
2026-06-25T16:08:34+03:00 health-fail count=180 pid=none http=200 ms=1 app_servers=2
2026-06-25T16:08:34+03:00 restart-deferred reason=health-failures:180:http-200 active_app_servers=2
2026-06-25T16:10:54+03:00 health-fail count=181 pid=none http=200 ms=1 app_servers=2
2026-06-25T16:10:54+03:00 restart-deferred reason=health-failures:181:http-200 active_app_servers=2
2026-06-25T16:13:14+03:00 health-fail count=182 pid=none http=200 ms=1 app_servers=2
2026-06-25T16:13:14+03:00 restart-deferred reason=health-failures:182:http-200 active_app_servers=2
2026-06-25T16:15:35+03:00 health-fail count=183 pid=none http=200 ms=6 app_servers=2
2026-06-25T16:15:35+03:00 restart-deferred reason=health-failures:183:http-200 active_app_servers=2
2026-06-25T16:17:54+03:00 health-fail count=184 pid=none http=200 ms=1 app_servers=2
2026-06-25T16:17:54+03:00 restart-deferred reason=health-failures:184:http-200 active_app_servers=2
2026-06-25T16:20:14+03:00 health-fail count=185 pid=none http=200 ms=1 app_servers=2
2026-06-25T16:20:14+03:00 restart-deferred reason=health-failures:185:http-200 active_app_servers=2
2026-06-25T16:22:34+03:00 health-fail count=186 pid=none http=200 ms=2 app_servers=2
2026-06-25T16:22:34+03:00 restart-deferred reason=health-failures:186:http-200 active_app_servers=2
2026-06-25T16:24:54+03:00 health-fail count=187 pid=none http=200 ms=1 app_servers=2
2026-06-25T16:24:54+03:00 restart-deferred reason=health-failures:187:http-200 active_app_servers=2
2026-06-25T16:27:14+03:00 health-fail count=188 pid=none http=200 ms=1 app_servers=2
2026-06-25T16:27:14+03:00 restart-deferred reason=health-failures:188:http-200 active_app_servers=2
2026-06-25T16:29:34+03:00 health-fail count=189 pid=none http=200 ms=1 app_servers=2
2026-06-25T16:29:34+03:00 restart-deferred reason=health-failures:189:http-200 active_app_servers=2
2026-06-25T16:31:54+03:00 health-fail count=190 pid=none http=200 ms=2 app_servers=2
2026-06-25T16:31:54+03:00 restart-deferred reason=health-failures:190:http-200 active_app_servers=2
2026-06-25T16:34:14+03:00 health-fail count=191 pid=none http=200 ms=1 app_servers=2
2026-06-25T16:34:14+03:00 restart-deferred reason=health-failures:191:http-200 active_app_servers=2
2026-06-25T16:36:34+03:00 health-fail count=192 pid=none http=200 ms=1 app_servers=2
2026-06-25T16:36:34+03:00 restart-deferred reason=health-failures:192:http-200 active_app_servers=2
2026-06-25T16:38:54+03:00 health-fail count=193 pid=none http=200 ms=1 app_servers=2
2026-06-25T16:38:54+03:00 restart-deferred reason=health-failures:193:http-200 active_app_servers=2
2026-06-25T16:41:14+03:00 health-fail count=194 pid=none http=200 ms=1 app_servers=2
2026-06-25T16:41:14+03:00 restart-deferred reason=health-failures:194:http-200 active_app_servers=2
2026-06-25T16:43:34+03:00 health-fail count=195 pid=none http=200 ms=1 app_servers=2
2026-06-25T16:43:34+03:00 restart-deferred reason=health-failures:195:http-200 active_app_servers=2
2026-06-25T16:45:54+03:00 health-fail count=196 pid=none http=200 ms=1 app_servers=2
2026-06-25T16:45:54+03:00 restart-deferred reason=health-failures:196:http-200 active_app_servers=2
2026-06-25T16:48:14+03:00 health-fail count=197 pid=none http=200 ms=1 app_servers=2
2026-06-25T16:48:14+03:00 restart-deferred reason=health-failures:197:http-200 active_app_servers=2
2026-06-25T16:50:34+03:00 health-fail count=198 pid=none http=200 ms=1 app_servers=2
2026-06-25T16:50:34+03:00 restart-deferred reason=health-failures:198:http-200 active_app_servers=2
2026-06-25T16:52:54+03:00 health-fail count=199 pid=none http=200 ms=1 app_servers=2
2026-06-25T16:52:54+03:00 restart-deferred reason=health-failures:199:http-200 active_app_servers=2
2026-06-25T16:55:14+03:00 health-fail count=200 pid=none http=200 ms=1 app_servers=2
2026-06-25T16:55:14+03:00 restart-deferred reason=health-failures:200:http-200 active_app_servers=2
2026-06-25T16:57:34+03:00 health-fail count=201 pid=none http=200 ms=1 app_servers=2
2026-06-25T16:57:34+03:00 restart-deferred reason=health-failures:201:http-200 active_app_servers=2
2026-06-25T16:59:54+03:00 health-fail count=202 pid=none http=200 ms=1 app_servers=2
2026-06-25T16:59:54+03:00 restart-deferred reason=health-failures:202:http-200 active_app_servers=2
2026-06-25T17:02:14+03:00 health-fail count=203 pid=none http=200 ms=1 app_servers=4
2026-06-25T17:02:14+03:00 restart-deferred reason=health-failures:203:http-200 active_app_servers=4
2026-06-25T17:04:34+03:00 health-fail count=204 pid=none http=200 ms=18 app_servers=4
2026-06-25T17:04:34+03:00 restart-deferred reason=health-failures:204:http-200 active_app_servers=4
2026-06-25T17:06:54+03:00 health-fail count=205 pid=none http=200 ms=1 app_servers=4
2026-06-25T17:06:54+03:00 restart-deferred reason=health-failures:205:http-200 active_app_servers=4
2026-06-25T17:09:14+03:00 health-fail count=206 pid=none http=200 ms=1 app_servers=4
2026-06-25T17:09:14+03:00 restart-deferred reason=health-failures:206:http-200 active_app_servers=4
2026-06-25T17:11:34+03:00 health-fail count=207 pid=none http=200 ms=1 app_servers=4
2026-06-25T17:11:34+03:00 restart-deferred reason=health-failures:207:http-200 active_app_servers=4
2026-06-25T17:13:54+03:00 health-fail count=208 pid=none http=200 ms=2 app_servers=4
2026-06-25T17:13:54+03:00 restart-deferred reason=health-failures:208:http-200 active_app_servers=4
2026-06-25T17:16:14+03:00 health-fail count=209 pid=none http=200 ms=1 app_servers=4
2026-06-25T17:16:14+03:00 restart-deferred reason=health-failures:209:http-200 active_app_servers=4
2026-06-25T17:18:34+03:00 health-fail count=210 pid=none http=200 ms=3 app_servers=4
2026-06-25T17:18:34+03:00 restart-deferred reason=health-failures:210:http-200 active_app_servers=4
2026-06-25T17:20:54+03:00 health-fail count=211 pid=none http=200 ms=2 app_servers=4
2026-06-25T17:20:54+03:00 restart-deferred reason=health-failures:211:http-200 active_app_servers=4
2026-06-25T17:23:15+03:00 health-fail count=212 pid=none http=200 ms=1 app_servers=4
2026-06-25T17:23:15+03:00 restart-deferred reason=health-failures:212:http-200 active_app_servers=4
2026-06-25T17:25:34+03:00 health-fail count=213 pid=none http=200 ms=1 app_servers=4
2026-06-25T17:25:34+03:00 restart-deferred reason=health-failures:213:http-200 active_app_servers=4
2026-06-25T17:27:52+03:00 health-fail count=214 pid=none http=200 ms=2 app_servers=4
2026-06-25T17:27:52+03:00 restart-deferred reason=health-failures:214:http-200 active_app_servers=4
2026-06-25T17:29:54+03:00 health-fail count=215 pid=none http=200 ms=2 app_servers=4
2026-06-25T17:29:54+03:00 restart-deferred reason=health-failures:215:http-200 active_app_servers=4
2026-06-25T17:32:14+03:00 health-fail count=216 pid=none http=200 ms=2 app_servers=4
2026-06-25T17:32:14+03:00 restart-deferred reason=health-failures:216:http-200 active_app_servers=4
2026-06-25T17:34:34+03:00 health-fail count=217 pid=none http=200 ms=1 app_servers=4
2026-06-25T17:34:34+03:00 restart-deferred reason=health-failures:217:http-200 active_app_servers=4
2026-06-25T17:36:54+03:00 health-fail count=218 pid=none http=200 ms=1 app_servers=4
2026-06-25T17:36:54+03:00 restart-deferred reason=health-failures:218:http-200 active_app_servers=4
2026-06-25T17:39:14+03:00 health-fail count=219 pid=none http=200 ms=1 app_servers=4
2026-06-25T17:39:14+03:00 restart-deferred reason=health-failures:219:http-200 active_app_servers=4
2026-06-25T17:41:34+03:00 health-fail count=220 pid=none http=200 ms=3 app_servers=4
2026-06-25T17:41:34+03:00 restart-deferred reason=health-failures:220:http-200 active_app_servers=4
2026-06-25T17:43:54+03:00 health-fail count=221 pid=none http=200 ms=1 app_servers=4
2026-06-25T17:43:54+03:00 restart-deferred reason=health-failures:221:http-200 active_app_servers=4
2026-06-25T17:46:15+03:00 health-fail count=222 pid=none http=200 ms=1 app_servers=6
2026-06-25T17:46:15+03:00 restart-deferred reason=health-failures:222:http-200 active_app_servers=6
2026-06-25T17:48:34+03:00 health-fail count=223 pid=none http=200 ms=1 app_servers=6
2026-06-25T17:48:34+03:00 restart-deferred reason=health-failures:223:http-200 active_app_servers=6
2026-06-25T17:50:54+03:00 health-fail count=224 pid=none http=200 ms=1 app_servers=6
2026-06-25T17:50:54+03:00 restart-deferred reason=health-failures:224:http-200 active_app_servers=6
2026-06-25T17:53:14+03:00 health-fail count=225 pid=none http=200 ms=1 app_servers=6
2026-06-25T17:53:14+03:00 restart-deferred reason=health-failures:225:http-200 active_app_servers=6
2026-06-25T17:55:34+03:00 health-fail count=226 pid=none http=200 ms=1 app_servers=6
2026-06-25T17:55:34+03:00 restart-deferred reason=health-failures:226:http-200 active_app_servers=6
2026-06-25T17:57:54+03:00 health-fail count=227 pid=none http=200 ms=1 app_servers=6
2026-06-25T17:57:54+03:00 restart-deferred reason=health-failures:227:http-200 active_app_servers=6
2026-06-25T18:00:15+03:00 health-fail count=228 pid=none http=200 ms=2 app_servers=6
2026-06-25T18:00:15+03:00 restart-deferred reason=health-failures:228:http-200 active_app_servers=6
2026-06-25T18:02:34+03:00 health-fail count=229 pid=none http=200 ms=1 app_servers=8
2026-06-25T18:02:34+03:00 restart-deferred reason=health-failures:229:http-200 active_app_servers=8
2026-06-25T18:04:54+03:00 health-fail count=230 pid=none http=200 ms=1 app_servers=8
2026-06-25T18:04:54+03:00 restart-deferred reason=health-failures:230:http-200 active_app_servers=8
2026-06-25T18:07:14+03:00 health-fail count=231 pid=none http=200 ms=1 app_servers=8
2026-06-25T18:07:14+03:00 restart-deferred reason=health-failures:231:http-200 active_app_servers=8
2026-06-25T18:09:34+03:00 health-fail count=232 pid=none http=200 ms=1 app_servers=8
2026-06-25T18:09:34+03:00 restart-deferred reason=health-failures:232:http-200 active_app_servers=8
2026-06-25T18:11:54+03:00 health-fail count=233 pid=none http=200 ms=1 app_servers=8
2026-06-25T18:11:54+03:00 restart-deferred reason=health-failures:233:http-200 active_app_servers=8
2026-06-25T18:14:14+03:00 health-fail count=234 pid=none http=200 ms=1 app_servers=8
2026-06-25T18:14:14+03:00 restart-deferred reason=health-failures:234:http-200 active_app_servers=8
2026-06-25T18:16:34+03:00 health-fail count=235 pid=none http=200 ms=1 app_servers=8
2026-06-25T18:16:34+03:00 restart-deferred reason=health-failures:235:http-200 active_app_servers=8
2026-06-25T18:18:54+03:00 health-fail count=236 pid=none http=200 ms=1 app_servers=8
2026-06-25T18:18:54+03:00 restart-deferred reason=health-failures:236:http-200 active_app_servers=8
2026-06-25T18:21:14+03:00 health-fail count=237 pid=none http=200 ms=2 app_servers=8
2026-06-25T18:21:14+03:00 restart-deferred reason=health-failures:237:http-200 active_app_servers=8
2026-06-25T18:23:34+03:00 health-fail count=238 pid=none http=200 ms=1 app_servers=8
2026-06-25T18:23:34+03:00 restart-deferred reason=health-failures:238:http-200 active_app_servers=8
2026-06-25T18:25:54+03:00 health-fail count=239 pid=none http=200 ms=1 app_servers=8
2026-06-25T18:25:54+03:00 restart-deferred reason=health-failures:239:http-200 active_app_servers=8
2026-06-25T18:28:14+03:00 health-fail count=240 pid=none http=200 ms=1 app_servers=8
2026-06-25T18:28:14+03:00 restart-deferred reason=health-failures:240:http-200 active_app_servers=8
2026-06-25T18:30:35+03:00 health-fail count=241 pid=none http=200 ms=6 app_servers=8
2026-06-25T18:30:35+03:00 restart-deferred reason=health-failures:241:http-200 active_app_servers=8
2026-06-25T18:32:54+03:00 health-fail count=242 pid=none http=200 ms=1 app_servers=8
2026-06-25T18:32:54+03:00 restart-deferred reason=health-failures:242:http-200 active_app_servers=8
2026-06-25T18:35:14+03:00 health-fail count=243 pid=none http=200 ms=1 app_servers=8
2026-06-25T18:35:14+03:00 restart-deferred reason=health-failures:243:http-200 active_app_servers=8
2026-06-25T18:37:34+03:00 health-fail count=244 pid=none http=200 ms=1 app_servers=8
2026-06-25T18:37:34+03:00 restart-deferred reason=health-failures:244:http-200 active_app_servers=8
2026-06-25T18:39:54+03:00 health-fail count=245 pid=none http=200 ms=2 app_servers=8
2026-06-25T18:39:54+03:00 restart-deferred reason=health-failures:245:http-200 active_app_servers=8
2026-06-25T18:42:15+03:00 health-fail count=246 pid=none http=200 ms=1 app_servers=8
2026-06-25T18:42:15+03:00 restart-deferred reason=health-failures:246:http-200 active_app_servers=8
2026-06-25T18:44:34+03:00 health-fail count=247 pid=none http=200 ms=1 app_servers=8
2026-06-25T18:44:34+03:00 restart-deferred reason=health-failures:247:http-200 active_app_servers=8
2026-06-25T18:46:54+03:00 health-fail count=248 pid=none http=200 ms=1 app_servers=8
2026-06-25T18:46:54+03:00 restart-deferred reason=health-failures:248:http-200 active_app_servers=8
2026-06-25T18:49:14+03:00 health-fail count=249 pid=none http=200 ms=1 app_servers=8
2026-06-25T18:49:14+03:00 restart-deferred reason=health-failures:249:http-200 active_app_servers=8
2026-06-25T18:51:34+03:00 health-fail count=250 pid=none http=200 ms=1 app_servers=8
2026-06-25T18:51:34+03:00 restart-deferred reason=health-failures:250:http-200 active_app_servers=8
2026-06-25T18:53:54+03:00 health-fail count=251 pid=none http=200 ms=1 app_servers=8
2026-06-25T18:53:54+03:00 restart-deferred reason=health-failures:251:http-200 active_app_servers=8
2026-06-25T18:56:15+03:00 health-fail count=252 pid=none http=200 ms=1 app_servers=8
2026-06-25T18:56:15+03:00 restart-deferred reason=health-failures:252:http-200 active_app_servers=8
2026-06-25T18:58:34+03:00 health-fail count=253 pid=none http=200 ms=1 app_servers=6
2026-06-25T18:58:34+03:00 restart-deferred reason=health-failures:253:http-200 active_app_servers=6
2026-06-25T19:00:54+03:00 health-fail count=254 pid=none http=200 ms=1 app_servers=6
2026-06-25T19:00:54+03:00 restart-deferred reason=health-failures:254:http-200 active_app_servers=6
2026-06-25T19:03:14+03:00 health-fail count=255 pid=none http=200 ms=1 app_servers=6
2026-06-25T19:03:14+03:00 restart-deferred reason=health-failures:255:http-200 active_app_servers=6
2026-06-25T19:05:34+03:00 health-fail count=256 pid=none http=200 ms=1 app_servers=6
2026-06-25T19:05:34+03:00 restart-deferred reason=health-failures:256:http-200 active_app_servers=6
2026-06-25T19:07:54+03:00 health-fail count=257 pid=none http=200 ms=1 app_servers=6
2026-06-25T19:07:54+03:00 restart-deferred reason=health-failures:257:http-200 active_app_servers=6
2026-06-25T19:10:14+03:00 health-fail count=258 pid=none http=200 ms=1 app_servers=6
2026-06-25T19:10:14+03:00 restart-deferred reason=health-failures:258:http-200 active_app_servers=6
2026-06-25T19:12:34+03:00 health-fail count=259 pid=none http=200 ms=1 app_servers=6
2026-06-25T19:12:34+03:00 restart-deferred reason=health-failures:259:http-200 active_app_servers=6
2026-06-25T19:14:54+03:00 health-fail count=260 pid=none http=200 ms=1 app_servers=6
2026-06-25T19:14:54+03:00 restart-deferred reason=health-failures:260:http-200 active_app_servers=6
2026-06-25T19:16:54+03:00 health-fail count=261 pid=none http=200 ms=1 app_servers=6
2026-06-25T19:16:54+03:00 restart-deferred reason=health-failures:261:http-200 active_app_servers=6
2026-06-25T19:19:14+03:00 health-fail count=262 pid=none http=200 ms=1 app_servers=6
2026-06-25T19:19:14+03:00 restart-deferred reason=health-failures:262:http-200 active_app_servers=6
2026-06-25T19:21:34+03:00 health-fail count=263 pid=none http=200 ms=1 app_servers=6
2026-06-25T19:21:34+03:00 restart-deferred reason=health-failures:263:http-200 active_app_servers=6
2026-06-25T19:23:54+03:00 health-fail count=264 pid=none http=200 ms=1 app_servers=6
2026-06-25T19:23:54+03:00 restart-deferred reason=health-failures:264:http-200 active_app_servers=6
2026-06-25T19:26:14+03:00 health-fail count=265 pid=none http=200 ms=3 app_servers=6
2026-06-25T19:26:14+03:00 restart-deferred reason=health-failures:265:http-200 active_app_servers=6
2026-06-25T19:28:17+03:00 health-fail count=266 pid=none http=200 ms=1 app_servers=6
2026-06-25T19:28:17+03:00 restart-deferred reason=health-failures:266:http-200 active_app_servers=6
2026-06-25T19:30:34+03:00 health-fail count=267 pid=none http=200 ms=1 app_servers=6
2026-06-25T19:30:34+03:00 restart-deferred reason=health-failures:267:http-200 active_app_servers=6
2026-06-25T19:32:54+03:00 health-fail count=268 pid=none http=200 ms=1 app_servers=6
2026-06-25T19:32:54+03:00 restart-deferred reason=health-failures:268:http-200 active_app_servers=6
2026-06-25T19:35:14+03:00 health-fail count=269 pid=none http=200 ms=2 app_servers=6
2026-06-25T19:35:14+03:00 restart-deferred reason=health-failures:269:http-200 active_app_servers=6
2026-06-25T19:37:34+03:00 health-fail count=270 pid=none http=200 ms=1 app_servers=6
2026-06-25T19:37:34+03:00 restart-deferred reason=health-failures:270:http-200 active_app_servers=6
2026-06-25T19:39:54+03:00 health-fail count=271 pid=none http=200 ms=1 app_servers=6
2026-06-25T19:39:54+03:00 restart-deferred reason=health-failures:271:http-200 active_app_servers=6
2026-06-25T19:42:14+03:00 health-fail count=272 pid=none http=200 ms=1 app_servers=6
2026-06-25T19:42:14+03:00 restart-deferred reason=health-failures:272:http-200 active_app_servers=6
2026-06-25T19:44:34+03:00 health-fail count=273 pid=none http=200 ms=1 app_servers=6
2026-06-25T19:44:34+03:00 restart-deferred reason=health-failures:273:http-200 active_app_servers=6
2026-06-25T19:46:54+03:00 health-fail count=274 pid=none http=200 ms=1 app_servers=8
2026-06-25T19:46:54+03:00 restart-deferred reason=health-failures:274:http-200 active_app_servers=8
2026-06-25T19:49:14+03:00 health-fail count=275 pid=none http=200 ms=1 app_servers=8
2026-06-25T19:49:14+03:00 restart-deferred reason=health-failures:275:http-200 active_app_servers=8
2026-06-25T19:51:34+03:00 health-fail count=276 pid=none http=200 ms=1 app_servers=8
2026-06-25T19:51:34+03:00 restart-deferred reason=health-failures:276:http-200 active_app_servers=8
2026-06-25T19:53:54+03:00 health-fail count=277 pid=none http=200 ms=1 app_servers=8
2026-06-25T19:53:54+03:00 restart-deferred reason=health-failures:277:http-200 active_app_servers=8
2026-06-25T19:56:14+03:00 health-fail count=278 pid=none http=200 ms=1 app_servers=8
2026-06-25T19:56:14+03:00 restart-deferred reason=health-failures:278:http-200 active_app_servers=8
2026-06-25T19:58:34+03:00 health-fail count=279 pid=none http=200 ms=1 app_servers=8
2026-06-25T19:58:34+03:00 restart-deferred reason=health-failures:279:http-200 active_app_servers=8
2026-06-25T20:00:45+03:00 health-fail count=280 pid=none http=200 ms=2 app_servers=8
2026-06-25T20:00:45+03:00 restart-deferred reason=health-failures:280:http-200 active_app_servers=8
2026-06-25T20:02:54+03:00 health-fail count=281 pid=none http=200 ms=1 app_servers=6
2026-06-25T20:02:54+03:00 restart-deferred reason=health-failures:281:http-200 active_app_servers=6
2026-06-25T20:05:14+03:00 health-fail count=282 pid=none http=200 ms=1 app_servers=6
2026-06-25T20:05:14+03:00 restart-deferred reason=health-failures:282:http-200 active_app_servers=6
2026-06-25T20:07:34+03:00 health-fail count=283 pid=none http=200 ms=1 app_servers=6
2026-06-25T20:07:34+03:00 restart-deferred reason=health-failures:283:http-200 active_app_servers=6
2026-06-25T20:09:54+03:00 health-fail count=284 pid=none http=200 ms=3 app_servers=6
2026-06-25T20:09:54+03:00 restart-deferred reason=health-failures:284:http-200 active_app_servers=6
2026-06-25T20:12:14+03:00 health-fail count=285 pid=none http=200 ms=1 app_servers=6
2026-06-25T20:12:14+03:00 restart-deferred reason=health-failures:285:http-200 active_app_servers=6
2026-06-25T20:14:34+03:00 health-fail count=286 pid=none http=200 ms=1 app_servers=6
2026-06-25T20:14:34+03:00 restart-deferred reason=health-failures:286:http-200 active_app_servers=6
2026-06-25T20:16:54+03:00 health-fail count=287 pid=none http=200 ms=1 app_servers=6
2026-06-25T20:16:54+03:00 restart-deferred reason=health-failures:287:http-200 active_app_servers=6
2026-06-25T20:19:14+03:00 health-fail count=288 pid=none http=200 ms=1 app_servers=6
2026-06-25T20:19:14+03:00 restart-deferred reason=health-failures:288:http-200 active_app_servers=6
2026-06-25T20:21:34+03:00 health-fail count=289 pid=none http=200 ms=1 app_servers=6
2026-06-25T20:21:34+03:00 restart-deferred reason=health-failures:289:http-200 active_app_servers=6
2026-06-25T20:23:54+03:00 health-fail count=290 pid=none http=200 ms=1 app_servers=6
2026-06-25T20:23:54+03:00 restart-deferred reason=health-failures:290:http-200 active_app_servers=6
2026-06-25T20:26:14+03:00 health-fail count=291 pid=none http=200 ms=1 app_servers=6
2026-06-25T20:26:14+03:00 restart-deferred reason=health-failures:291:http-200 active_app_servers=6
2026-06-25T20:28:34+03:00 health-fail count=292 pid=none http=200 ms=1 app_servers=6
2026-06-25T20:28:34+03:00 restart-deferred reason=health-failures:292:http-200 active_app_servers=6
2026-06-25T20:30:54+03:00 health-fail count=293 pid=none http=200 ms=1 app_servers=6
2026-06-25T20:30:54+03:00 restart-deferred reason=health-failures:293:http-200 active_app_servers=6
2026-06-25T20:33:14+03:00 health-fail count=294 pid=none http=200 ms=1 app_servers=6
2026-06-25T20:33:14+03:00 restart-deferred reason=health-failures:294:http-200 active_app_servers=6
2026-06-25T20:35:34+03:00 health-fail count=295 pid=none http=200 ms=1 app_servers=6
2026-06-25T20:35:34+03:00 restart-deferred reason=health-failures:295:http-200 active_app_servers=6
2026-06-25T20:37:54+03:00 health-fail count=296 pid=none http=200 ms=1 app_servers=6
2026-06-25T20:37:54+03:00 restart-deferred reason=health-failures:296:http-200 active_app_servers=6
2026-06-25T20:40:14+03:00 health-fail count=297 pid=none http=200 ms=1 app_servers=6
2026-06-25T20:40:14+03:00 restart-deferred reason=health-failures:297:http-200 active_app_servers=6
2026-06-25T20:42:34+03:00 health-fail count=298 pid=none http=200 ms=1 app_servers=6
2026-06-25T20:42:34+03:00 restart-deferred reason=health-failures:298:http-200 active_app_servers=6
2026-06-25T20:44:54+03:00 health-fail count=299 pid=none http=200 ms=1 app_servers=6
2026-06-25T20:44:54+03:00 restart-deferred reason=health-failures:299:http-200 active_app_servers=6
2026-06-25T20:47:14+03:00 health-fail count=300 pid=none http=200 ms=1 app_servers=6
2026-06-25T20:47:14+03:00 restart-deferred reason=health-failures:300:http-200 active_app_servers=6
2026-06-25T20:49:34+03:00 health-fail count=301 pid=none http=200 ms=1 app_servers=6
2026-06-25T20:49:34+03:00 restart-deferred reason=health-failures:301:http-200 active_app_servers=6
2026-06-25T20:51:54+03:00 health-fail count=302 pid=none http=200 ms=2 app_servers=6
2026-06-25T20:51:54+03:00 restart-deferred reason=health-failures:302:http-200 active_app_servers=6
2026-06-25T20:54:14+03:00 health-fail count=303 pid=none http=200 ms=1 app_servers=6
2026-06-25T20:54:14+03:00 restart-deferred reason=health-failures:303:http-200 active_app_servers=6
2026-06-25T20:56:34+03:00 health-fail count=304 pid=none http=200 ms=1 app_servers=6
2026-06-25T20:56:34+03:00 restart-deferred reason=health-failures:304:http-200 active_app_servers=6
2026-06-25T20:58:54+03:00 health-fail count=305 pid=none http=200 ms=1 app_servers=6
2026-06-25T20:58:54+03:00 restart-deferred reason=health-failures:305:http-200 active_app_servers=6
2026-06-25T21:01:14+03:00 health-fail count=306 pid=none http=200 ms=1 app_servers=6
2026-06-25T21:01:14+03:00 restart-deferred reason=health-failures:306:http-200 active_app_servers=6
2026-06-25T21:03:34+03:00 health-fail count=307 pid=none http=200 ms=1 app_servers=6
2026-06-25T21:03:34+03:00 restart-deferred reason=health-failures:307:http-200 active_app_servers=6
2026-06-25T21:05:54+03:00 health-fail count=308 pid=none http=200 ms=2 app_servers=6
2026-06-25T21:05:54+03:00 restart-deferred reason=health-failures:308:http-200 active_app_servers=6
2026-06-25T21:08:14+03:00 health-fail count=309 pid=none http=200 ms=1 app_servers=6
2026-06-25T21:08:14+03:00 restart-deferred reason=health-failures:309:http-200 active_app_servers=6
2026-06-25T21:10:34+03:00 health-fail count=310 pid=none http=200 ms=1 app_servers=6
2026-06-25T21:10:34+03:00 restart-deferred reason=health-failures:310:http-200 active_app_servers=6
2026-06-25T21:12:54+03:00 health-fail count=311 pid=none http=200 ms=3 app_servers=6
2026-06-25T21:12:54+03:00 restart-deferred reason=health-failures:311:http-200 active_app_servers=6
2026-06-25T21:14:55+03:00 health-fail count=312 pid=none http=200 ms=1 app_servers=6
2026-06-25T21:14:55+03:00 restart-deferred reason=health-failures:312:http-200 active_app_servers=6
2026-06-25T21:17:14+03:00 health-fail count=313 pid=none http=200 ms=1 app_servers=6
2026-06-25T21:17:14+03:00 restart-deferred reason=health-failures:313:http-200 active_app_servers=6
2026-06-25T21:19:34+03:00 health-fail count=314 pid=none http=200 ms=1 app_servers=6
2026-06-25T21:19:34+03:00 restart-deferred reason=health-failures:314:http-200 active_app_servers=6
2026-06-25T21:21:54+03:00 health-fail count=315 pid=none http=200 ms=1 app_servers=6
2026-06-25T21:21:54+03:00 restart-deferred reason=health-failures:315:http-200 active_app_servers=6
2026-06-25T21:24:14+03:00 health-fail count=316 pid=none http=200 ms=1 app_servers=6
2026-06-25T21:24:14+03:00 restart-deferred reason=health-failures:316:http-200 active_app_servers=6
2026-06-25T21:26:34+03:00 health-fail count=317 pid=none http=200 ms=1 app_servers=6
2026-06-25T21:26:34+03:00 restart-deferred reason=health-failures:317:http-200 active_app_servers=6
2026-06-25T21:28:54+03:00 health-fail count=318 pid=none http=200 ms=1 app_servers=6
2026-06-25T21:28:54+03:00 restart-deferred reason=health-failures:318:http-200 active_app_servers=6
2026-06-25T21:31:14+03:00 health-fail count=319 pid=none http=200 ms=1 app_servers=6
2026-06-25T21:31:14+03:00 restart-deferred reason=health-failures:319:http-200 active_app_servers=6
2026-06-25T21:33:34+03:00 health-fail count=320 pid=none http=200 ms=1 app_servers=6
2026-06-25T21:33:34+03:00 restart-deferred reason=health-failures:320:http-200 active_app_servers=6
2026-06-25T21:35:54+03:00 health-fail count=321 pid=none http=200 ms=1 app_servers=6
2026-06-25T21:35:54+03:00 restart-deferred reason=health-failures:321:http-200 active_app_servers=6
2026-06-25T21:38:14+03:00 health-fail count=322 pid=none http=200 ms=2 app_servers=6
2026-06-25T21:38:14+03:00 restart-deferred reason=health-failures:322:http-200 active_app_servers=6
2026-06-25T21:40:34+03:00 health-fail count=323 pid=none http=200 ms=1 app_servers=6
2026-06-25T21:40:34+03:00 restart-deferred reason=health-failures:323:http-200 active_app_servers=6
2026-06-25T21:42:54+03:00 health-fail count=324 pid=none http=200 ms=1 app_servers=6
2026-06-25T21:42:54+03:00 restart-deferred reason=health-failures:324:http-200 active_app_servers=6
2026-06-25T21:45:14+03:00 health-fail count=325 pid=none http=200 ms=1 app_servers=6
2026-06-25T21:45:15+03:00 restart-deferred reason=health-failures:325:http-200 active_app_servers=6
2026-06-25T21:47:34+03:00 health-fail count=326 pid=none http=200 ms=1 app_servers=6
2026-06-25T21:47:34+03:00 restart-deferred reason=health-failures:326:http-200 active_app_servers=6
2026-06-25T21:49:54+03:00 health-fail count=327 pid=none http=200 ms=1 app_servers=6
2026-06-25T21:49:54+03:00 restart-deferred reason=health-failures:327:http-200 active_app_servers=6
2026-06-25T21:52:14+03:00 health-fail count=328 pid=none http=200 ms=1 app_servers=6
2026-06-25T21:52:14+03:00 restart-deferred reason=health-failures:328:http-200 active_app_servers=6
2026-06-25T21:54:34+03:00 health-fail count=329 pid=none http=200 ms=1 app_servers=6
2026-06-25T21:54:34+03:00 restart-deferred reason=health-failures:329:http-200 active_app_servers=6
2026-06-25T21:56:54+03:00 health-fail count=330 pid=none http=200 ms=1 app_servers=4
2026-06-25T21:56:54+03:00 restart-deferred reason=health-failures:330:http-200 active_app_servers=4
2026-06-25T21:59:14+03:00 health-fail count=331 pid=none http=200 ms=1 app_servers=4
2026-06-25T21:59:14+03:00 restart-deferred reason=health-failures:331:http-200 active_app_servers=4
2026-06-25T22:01:34+03:00 health-fail count=332 pid=none http=200 ms=1 app_servers=4
2026-06-25T22:01:34+03:00 restart-deferred reason=health-failures:332:http-200 active_app_servers=4
2026-06-25T22:03:54+03:00 health-fail count=333 pid=none http=200 ms=1 app_servers=4
2026-06-25T22:03:54+03:00 restart-deferred reason=health-failures:333:http-200 active_app_servers=4
2026-06-25T22:06:14+03:00 health-fail count=334 pid=none http=200 ms=1 app_servers=4
2026-06-25T22:06:14+03:00 restart-deferred reason=health-failures:334:http-200 active_app_servers=4
2026-06-25T22:08:34+03:00 health-fail count=335 pid=none http=200 ms=1 app_servers=4
2026-06-25T22:08:34+03:00 restart-deferred reason=health-failures:335:http-200 active_app_servers=4
2026-06-25T22:10:54+03:00 health-fail count=336 pid=none http=200 ms=1 app_servers=4
2026-06-25T22:10:54+03:00 restart-deferred reason=health-failures:336:http-200 active_app_servers=4
2026-06-25T22:13:14+03:00 health-fail count=337 pid=none http=200 ms=1 app_servers=4
2026-06-25T22:13:14+03:00 restart-deferred reason=health-failures:337:http-200 active_app_servers=4
2026-06-25T22:15:34+03:00 health-fail count=338 pid=none http=200 ms=2 app_servers=4
2026-06-25T22:15:34+03:00 restart-deferred reason=health-failures:338:http-200 active_app_servers=4
2026-06-25T22:17:54+03:00 health-fail count=339 pid=none http=200 ms=1 app_servers=4
2026-06-25T22:17:54+03:00 restart-deferred reason=health-failures:339:http-200 active_app_servers=4
2026-06-25T22:20:14+03:00 health-fail count=340 pid=none http=200 ms=2 app_servers=4
2026-06-25T22:20:14+03:00 restart-deferred reason=health-failures:340:http-200 active_app_servers=4
2026-06-25T22:22:34+03:00 health-fail count=341 pid=none http=200 ms=1 app_servers=4
2026-06-25T22:22:34+03:00 restart-deferred reason=health-failures:341:http-200 active_app_servers=4
2026-06-25T22:24:54+03:00 health-fail count=342 pid=none http=200 ms=1 app_servers=4
2026-06-25T22:24:54+03:00 restart-deferred reason=health-failures:342:http-200 active_app_servers=4
2026-06-25T22:27:14+03:00 health-fail count=343 pid=none http=200 ms=1 app_servers=4
2026-06-25T22:27:14+03:00 restart-deferred reason=health-failures:343:http-200 active_app_servers=4
2026-06-25T22:29:34+03:00 health-fail count=344 pid=none http=200 ms=1 app_servers=4
2026-06-25T22:29:34+03:00 restart-deferred reason=health-failures:344:http-200 active_app_servers=4
2026-06-25T22:31:54+03:00 health-fail count=345 pid=none http=200 ms=1 app_servers=4
2026-06-25T22:31:54+03:00 restart-deferred reason=health-failures:345:http-200 active_app_servers=4
2026-06-25T22:34:14+03:00 health-fail count=346 pid=none http=200 ms=1 app_servers=4
2026-06-25T22:34:14+03:00 restart-deferred reason=health-failures:346:http-200 active_app_servers=4
2026-06-25T22:36:34+03:00 health-fail count=347 pid=none http=200 ms=1 app_servers=4
2026-06-25T22:36:34+03:00 restart-deferred reason=health-failures:347:http-200 active_app_servers=4
2026-06-25T22:38:54+03:00 health-fail count=348 pid=none http=200 ms=1 app_servers=4
2026-06-25T22:38:54+03:00 restart-deferred reason=health-failures:348:http-200 active_app_servers=4
2026-06-25T22:41:14+03:00 health-fail count=349 pid=none http=200 ms=1 app_servers=4
2026-06-25T22:41:14+03:00 restart-deferred reason=health-failures:349:http-200 active_app_servers=4
2026-06-25T22:43:34+03:00 health-fail count=350 pid=none http=200 ms=2 app_servers=4
2026-06-25T22:43:34+03:00 restart-deferred reason=health-failures:350:http-200 active_app_servers=4
2026-06-25T22:45:54+03:00 health-fail count=351 pid=none http=200 ms=1 app_servers=4
2026-06-25T22:45:54+03:00 restart-deferred reason=health-failures:351:http-200 active_app_servers=4
2026-06-25T22:48:14+03:00 health-fail count=352 pid=none http=200 ms=1 app_servers=4
2026-06-25T22:48:14+03:00 restart-deferred reason=health-failures:352:http-200 active_app_servers=4
2026-06-25T22:50:34+03:00 health-fail count=353 pid=none http=200 ms=1 app_servers=4
2026-06-25T22:50:34+03:00 restart-deferred reason=health-failures:353:http-200 active_app_servers=4
2026-06-25T22:52:54+03:00 health-fail count=354 pid=none http=200 ms=1 app_servers=4
2026-06-25T22:52:54+03:00 restart-deferred reason=health-failures:354:http-200 active_app_servers=4
2026-06-25T22:55:14+03:00 health-fail count=355 pid=none http=200 ms=1 app_servers=4
2026-06-25T22:55:14+03:00 restart-deferred reason=health-failures:355:http-200 active_app_servers=4
2026-06-25T22:57:34+03:00 health-fail count=356 pid=none http=200 ms=1 app_servers=4
2026-06-25T22:57:34+03:00 restart-deferred reason=health-failures:356:http-200 active_app_servers=4
2026-06-25T22:59:54+03:00 health-fail count=357 pid=none http=200 ms=1 app_servers=4
2026-06-25T22:59:54+03:00 restart-deferred reason=health-failures:357:http-200 active_app_servers=4
2026-06-25T23:02:15+03:00 health-fail count=358 pid=none http=200 ms=6 app_servers=4
2026-06-25T23:02:15+03:00 restart-deferred reason=health-failures:358:http-200 active_app_servers=4
2026-06-25T23:04:34+03:00 health-fail count=359 pid=none http=200 ms=2 app_servers=4
2026-06-25T23:04:34+03:00 restart-deferred reason=health-failures:359:http-200 active_app_servers=4
2026-06-25T23:06:54+03:00 health-fail count=360 pid=none http=200 ms=2 app_servers=4
2026-06-25T23:06:54+03:00 restart-deferred reason=health-failures:360:http-200 active_app_servers=4
2026-06-25T23:09:14+03:00 health-fail count=361 pid=none http=200 ms=1 app_servers=4
2026-06-25T23:09:14+03:00 restart-deferred reason=health-failures:361:http-200 active_app_servers=4
2026-06-25T23:11:34+03:00 health-fail count=362 pid=none http=200 ms=1 app_servers=4
2026-06-25T23:11:34+03:00 restart-deferred reason=health-failures:362:http-200 active_app_servers=4
2026-06-25T23:13:54+03:00 health-fail count=363 pid=none http=200 ms=1 app_servers=4
2026-06-25T23:13:54+03:00 restart-deferred reason=health-failures:363:http-200 active_app_servers=4
2026-06-25T23:16:14+03:00 health-fail count=364 pid=none http=200 ms=1 app_servers=4
2026-06-25T23:16:14+03:00 restart-deferred reason=health-failures:364:http-200 active_app_servers=4
2026-06-25T23:18:34+03:00 health-fail count=365 pid=none http=200 ms=1 app_servers=4
2026-06-25T23:18:34+03:00 restart-deferred reason=health-failures:365:http-200 active_app_servers=4
2026-06-25T23:20:54+03:00 health-fail count=366 pid=none http=200 ms=1 app_servers=4
2026-06-25T23:20:54+03:00 restart-deferred reason=health-failures:366:http-200 active_app_servers=4
2026-06-25T23:23:14+03:00 health-fail count=367 pid=none http=200 ms=1 app_servers=4
2026-06-25T23:23:14+03:00 restart-deferred reason=health-failures:367:http-200 active_app_servers=4
2026-06-25T23:25:34+03:00 health-fail count=368 pid=none http=200 ms=1 app_servers=4
2026-06-25T23:25:34+03:00 restart-deferred reason=health-failures:368:http-200 active_app_servers=4
2026-06-25T23:27:54+03:00 health-fail count=369 pid=none http=200 ms=1 app_servers=4
2026-06-25T23:27:54+03:00 restart-deferred reason=health-failures:369:http-200 active_app_servers=4
2026-06-25T23:30:14+03:00 health-fail count=370 pid=none http=200 ms=1 app_servers=4
2026-06-25T23:30:14+03:00 restart-deferred reason=health-failures:370:http-200 active_app_servers=4
2026-06-25T23:32:34+03:00 health-fail count=371 pid=none http=200 ms=1 app_servers=4
2026-06-25T23:32:34+03:00 restart-deferred reason=health-failures:371:http-200 active_app_servers=4
2026-06-25T23:34:54+03:00 health-fail count=372 pid=none http=200 ms=1 app_servers=4
2026-06-25T23:34:54+03:00 restart-deferred reason=health-failures:372:http-200 active_app_servers=4
2026-06-25T23:37:14+03:00 health-fail count=373 pid=none http=200 ms=1 app_servers=4
2026-06-25T23:37:14+03:00 restart-deferred reason=health-failures:373:http-200 active_app_servers=4
2026-06-25T23:39:34+03:00 health-fail count=374 pid=none http=200 ms=1 app_servers=4
2026-06-25T23:39:34+03:00 restart-deferred reason=health-failures:374:http-200 active_app_servers=4
2026-06-25T23:41:54+03:00 health-fail count=375 pid=none http=200 ms=1 app_servers=4
2026-06-25T23:41:54+03:00 restart-deferred reason=health-failures:375:http-200 active_app_servers=4
2026-06-25T23:44:14+03:00 health-fail count=376 pid=none http=200 ms=1 app_servers=4
2026-06-25T23:44:14+03:00 restart-deferred reason=health-failures:376:http-200 active_app_servers=4
2026-06-25T23:46:32+03:00 health-fail count=377 pid=none http=200 ms=1 app_servers=6
2026-06-25T23:46:32+03:00 restart-deferred reason=health-failures:377:http-200 active_app_servers=6
2026-06-25T23:48:44+03:00 health-fail count=378 pid=none http=200 ms=156 app_servers=6
2026-06-25T23:48:44+03:00 restart-deferred reason=health-failures:378:http-200 active_app_servers=6
2026-06-25T23:50:54+03:00 health-fail count=379 pid=none http=200 ms=1 app_servers=6
2026-06-25T23:50:54+03:00 restart-deferred reason=health-failures:379:http-200 active_app_servers=6
2026-06-25T23:53:14+03:00 health-fail count=380 pid=none http=200 ms=2 app_servers=6
2026-06-25T23:53:14+03:00 restart-deferred reason=health-failures:380:http-200 active_app_servers=6
2026-06-25T23:55:34+03:00 health-fail count=381 pid=none http=200 ms=1 app_servers=6
2026-06-25T23:55:34+03:00 restart-deferred reason=health-failures:381:http-200 active_app_servers=6
2026-06-25T23:57:54+03:00 health-fail count=382 pid=none http=200 ms=1 app_servers=6
2026-06-25T23:57:54+03:00 restart-deferred reason=health-failures:382:http-200 active_app_servers=6
2026-06-26T00:00:14+03:00 health-fail count=383 pid=none http=200 ms=1 app_servers=6
2026-06-26T00:00:14+03:00 restart-deferred reason=health-failures:383:http-200 active_app_servers=6
2026-06-26T00:02:34+03:00 health-fail count=384 pid=none http=200 ms=1 app_servers=6
2026-06-26T00:02:34+03:00 restart-deferred reason=health-failures:384:http-200 active_app_servers=6
2026-06-26T00:04:54+03:00 health-fail count=385 pid=none http=200 ms=2 app_servers=6
2026-06-26T00:04:54+03:00 restart-deferred reason=health-failures:385:http-200 active_app_servers=6
2026-06-26T00:07:14+03:00 health-fail count=386 pid=none http=200 ms=1 app_servers=6
2026-06-26T00:07:14+03:00 restart-deferred reason=health-failures:386:http-200 active_app_servers=6
2026-06-26T00:09:34+03:00 health-fail count=387 pid=none http=200 ms=1 app_servers=6
2026-06-26T00:09:34+03:00 restart-deferred reason=health-failures:387:http-200 active_app_servers=6
2026-06-26T00:11:54+03:00 health-fail count=388 pid=none http=200 ms=2 app_servers=6
2026-06-26T00:11:54+03:00 restart-deferred reason=health-failures:388:http-200 active_app_servers=6
2026-06-26T00:14:14+03:00 health-fail count=389 pid=none http=200 ms=1 app_servers=6
2026-06-26T00:14:14+03:00 restart-deferred reason=health-failures:389:http-200 active_app_servers=6
2026-06-26T00:16:34+03:00 health-fail count=390 pid=none http=200 ms=1 app_servers=6
2026-06-26T00:16:34+03:00 restart-deferred reason=health-failures:390:http-200 active_app_servers=6
2026-06-26T00:18:54+03:00 health-fail count=391 pid=none http=200 ms=1 app_servers=6
2026-06-26T00:18:54+03:00 restart-deferred reason=health-failures:391:http-200 active_app_servers=6
2026-06-26T00:21:14+03:00 health-fail count=392 pid=none http=200 ms=1 app_servers=6
2026-06-26T00:21:14+03:00 restart-deferred reason=health-failures:392:http-200 active_app_servers=6
2026-06-26T00:23:34+03:00 health-fail count=393 pid=none http=200 ms=1 app_servers=6
2026-06-26T00:23:34+03:00 restart-deferred reason=health-failures:393:http-200 active_app_servers=6
2026-06-26T00:25:54+03:00 health-fail count=394 pid=none http=200 ms=2 app_servers=6
2026-06-26T00:25:54+03:00 restart-deferred reason=health-failures:394:http-200 active_app_servers=6
2026-06-26T00:28:14+03:00 health-fail count=395 pid=none http=200 ms=1 app_servers=6
2026-06-26T00:28:14+03:00 restart-deferred reason=health-failures:395:http-200 active_app_servers=6
2026-06-26T00:30:34+03:00 health-fail count=396 pid=none http=200 ms=1 app_servers=6
2026-06-26T00:30:34+03:00 restart-deferred reason=health-failures:396:http-200 active_app_servers=6
2026-06-26T00:32:54+03:00 health-fail count=397 pid=none http=200 ms=1 app_servers=6
2026-06-26T00:32:54+03:00 restart-deferred reason=health-failures:397:http-200 active_app_servers=6
2026-06-26T00:35:15+03:00 health-fail count=398 pid=none http=200 ms=94 app_servers=6
2026-06-26T00:35:15+03:00 restart-deferred reason=health-failures:398:http-200 active_app_servers=6
2026-06-26T00:37:34+03:00 health-fail count=399 pid=none http=200 ms=1 app_servers=6
2026-06-26T00:37:34+03:00 restart-deferred reason=health-failures:399:http-200 active_app_servers=6
2026-06-26T00:39:54+03:00 health-fail count=400 pid=none http=200 ms=1 app_servers=6
2026-06-26T00:39:54+03:00 restart-deferred reason=health-failures:400:http-200 active_app_servers=6
2026-06-26T00:42:14+03:00 health-fail count=401 pid=none http=200 ms=1 app_servers=6
2026-06-26T00:42:14+03:00 restart-deferred reason=health-failures:401:http-200 active_app_servers=6
2026-06-26T00:44:34+03:00 health-fail count=402 pid=none http=200 ms=1 app_servers=6
2026-06-26T00:44:34+03:00 restart-deferred reason=health-failures:402:http-200 active_app_servers=6
2026-06-26T00:46:54+03:00 health-fail count=403 pid=none http=200 ms=1 app_servers=6
2026-06-26T00:46:54+03:00 restart-deferred reason=health-failures:403:http-200 active_app_servers=6
2026-06-26T00:49:14+03:00 health-fail count=404 pid=none http=200 ms=1 app_servers=6
2026-06-26T00:49:14+03:00 restart-deferred reason=health-failures:404:http-200 active_app_servers=6
2026-06-26T00:51:34+03:00 health-fail count=405 pid=none http=200 ms=1 app_servers=6
2026-06-26T00:51:34+03:00 restart-deferred reason=health-failures:405:http-200 active_app_servers=6
2026-06-26T00:53:54+03:00 health-fail count=406 pid=none http=200 ms=1 app_servers=6
2026-06-26T00:53:54+03:00 restart-deferred reason=health-failures:406:http-200 active_app_servers=6
2026-06-26T00:56:14+03:00 health-fail count=407 pid=none http=200 ms=3 app_servers=8
2026-06-26T00:56:14+03:00 restart-deferred reason=health-failures:407:http-200 active_app_servers=8
2026-06-26T00:58:24+03:00 health-fail count=408 pid=none http=200 ms=2 app_servers=6
2026-06-26T00:58:24+03:00 restart-deferred reason=health-failures:408:http-200 active_app_servers=6
2026-06-26T01:00:44+03:00 health-fail count=409 pid=none http=200 ms=2 app_servers=6
2026-06-26T01:00:44+03:00 restart-deferred reason=health-failures:409:http-200 active_app_servers=6
2026-06-26T01:02:54+03:00 health-fail count=410 pid=none http=200 ms=2 app_servers=6
2026-06-26T01:02:54+03:00 restart-deferred reason=health-failures:410:http-200 active_app_servers=6
2026-06-26T01:05:14+03:00 health-fail count=411 pid=none http=200 ms=1 app_servers=6
2026-06-26T01:05:14+03:00 restart-deferred reason=health-failures:411:http-200 active_app_servers=6
2026-06-26T01:07:34+03:00 health-fail count=412 pid=none http=200 ms=1 app_servers=6
2026-06-26T01:07:34+03:00 restart-deferred reason=health-failures:412:http-200 active_app_servers=6
2026-06-26T01:09:54+03:00 health-fail count=413 pid=none http=200 ms=1 app_servers=6
2026-06-26T01:09:54+03:00 restart-deferred reason=health-failures:413:http-200 active_app_servers=6
2026-06-26T01:12:14+03:00 health-fail count=414 pid=none http=200 ms=1 app_servers=6
2026-06-26T01:12:14+03:00 restart-deferred reason=health-failures:414:http-200 active_app_servers=6
2026-06-26T01:14:34+03:00 health-fail count=415 pid=none http=200 ms=1 app_servers=6
2026-06-26T01:14:34+03:00 restart-deferred reason=health-failures:415:http-200 active_app_servers=6
2026-06-26T01:16:54+03:00 health-fail count=416 pid=none http=200 ms=1 app_servers=6
2026-06-26T01:16:54+03:00 restart-deferred reason=health-failures:416:http-200 active_app_servers=6
2026-06-26T01:19:14+03:00 health-fail count=417 pid=none http=200 ms=1 app_servers=6
2026-06-26T01:19:14+03:00 restart-deferred reason=health-failures:417:http-200 active_app_servers=6
2026-06-26T01:21:34+03:00 health-fail count=418 pid=none http=200 ms=2 app_servers=6
2026-06-26T01:21:34+03:00 restart-deferred reason=health-failures:418:http-200 active_app_servers=6
2026-06-26T01:23:54+03:00 health-fail count=419 pid=none http=200 ms=2 app_servers=6
2026-06-26T01:23:54+03:00 restart-deferred reason=health-failures:419:http-200 active_app_servers=6
2026-06-26T01:26:14+03:00 health-fail count=420 pid=none http=200 ms=1 app_servers=6
2026-06-26T01:26:14+03:00 restart-deferred reason=health-failures:420:http-200 active_app_servers=6
2026-06-26T01:28:34+03:00 health-fail count=421 pid=none http=200 ms=2 app_servers=6
2026-06-26T01:28:34+03:00 restart-deferred reason=health-failures:421:http-200 active_app_servers=6
2026-06-26T01:30:54+03:00 health-fail count=422 pid=none http=200 ms=1 app_servers=6
2026-06-26T01:30:54+03:00 restart-deferred reason=health-failures:422:http-200 active_app_servers=6
2026-06-26T01:33:14+03:00 health-fail count=423 pid=none http=200 ms=1 app_servers=6
2026-06-26T01:33:14+03:00 restart-deferred reason=health-failures:423:http-200 active_app_servers=6
2026-06-26T01:35:34+03:00 health-fail count=424 pid=none http=200 ms=16 app_servers=6
2026-06-26T01:35:34+03:00 restart-deferred reason=health-failures:424:http-200 active_app_servers=6
2026-06-26T01:37:54+03:00 health-fail count=425 pid=none http=200 ms=1 app_servers=6
2026-06-26T01:37:54+03:00 restart-deferred reason=health-failures:425:http-200 active_app_servers=6
2026-06-26T01:40:14+03:00 health-fail count=426 pid=none http=200 ms=24 app_servers=6
2026-06-26T01:40:14+03:00 restart-deferred reason=health-failures:426:http-200 active_app_servers=6
2026-06-26T01:42:34+03:00 health-fail count=427 pid=none http=200 ms=12 app_servers=6
2026-06-26T01:42:34+03:00 restart-deferred reason=health-failures:427:http-200 active_app_servers=6
2026-06-26T01:44:54+03:00 health-fail count=428 pid=none http=200 ms=2 app_servers=6
2026-06-26T01:44:54+03:00 restart-deferred reason=health-failures:428:http-200 active_app_servers=6
2026-06-26T01:47:14+03:00 health-fail count=429 pid=none http=200 ms=1 app_servers=6
2026-06-26T01:47:14+03:00 restart-deferred reason=health-failures:429:http-200 active_app_servers=6
2026-06-26T01:49:34+03:00 health-fail count=430 pid=none http=200 ms=22 app_servers=6
2026-06-26T01:49:34+03:00 restart-deferred reason=health-failures:430:http-200 active_app_servers=6
2026-06-26T01:51:54+03:00 health-fail count=431 pid=none http=200 ms=5 app_servers=6
2026-06-26T01:51:54+03:00 restart-deferred reason=health-failures:431:http-200 active_app_servers=6
2026-06-26T01:54:14+03:00 health-fail count=432 pid=none http=200 ms=30 app_servers=6
2026-06-26T01:54:14+03:00 restart-deferred reason=health-failures:432:http-200 active_app_servers=6
2026-06-26T01:56:34+03:00 health-fail count=433 pid=none http=200 ms=33 app_servers=6
2026-06-26T01:56:34+03:00 restart-deferred reason=health-failures:433:http-200 active_app_servers=6
2026-06-26T01:58:54+03:00 health-fail count=434 pid=none http=200 ms=31 app_servers=6
2026-06-26T01:58:54+03:00 restart-deferred reason=health-failures:434:http-200 active_app_servers=6
2026-06-26T02:01:14+03:00 health-fail count=435 pid=none http=200 ms=37 app_servers=6
2026-06-26T02:01:14+03:00 restart-deferred reason=health-failures:435:http-200 active_app_servers=6
2026-06-26T02:03:34+03:00 health-fail count=436 pid=none http=200 ms=1 app_servers=6
2026-06-26T02:03:34+03:00 restart-deferred reason=health-failures:436:http-200 active_app_servers=6
2026-06-26T02:05:54+03:00 health-fail count=437 pid=none http=200 ms=15 app_servers=6
2026-06-26T02:05:54+03:00 restart-deferred reason=health-failures:437:http-200 active_app_servers=6
2026-06-26T02:08:14+03:00 health-fail count=438 pid=none http=200 ms=1 app_servers=6
2026-06-26T02:08:14+03:00 restart-deferred reason=health-failures:438:http-200 active_app_servers=6
2026-06-26T02:10:34+03:00 health-fail count=439 pid=none http=200 ms=1 app_servers=6
2026-06-26T02:10:34+03:00 restart-deferred reason=health-failures:439:http-200 active_app_servers=6
2026-06-26T02:12:54+03:00 health-fail count=440 pid=none http=200 ms=1 app_servers=6
2026-06-26T02:12:54+03:00 restart-deferred reason=health-failures:440:http-200 active_app_servers=6
2026-06-26T02:15:14+03:00 health-fail count=441 pid=none http=200 ms=1 app_servers=6
2026-06-26T02:15:14+03:00 restart-deferred reason=health-failures:441:http-200 active_app_servers=6
2026-06-26T02:17:34+03:00 health-fail count=442 pid=none http=200 ms=1 app_servers=6
2026-06-26T02:17:34+03:00 restart-deferred reason=health-failures:442:http-200 active_app_servers=6
2026-06-26T02:19:54+03:00 health-fail count=443 pid=none http=200 ms=1 app_servers=6
2026-06-26T02:19:54+03:00 restart-deferred reason=health-failures:443:http-200 active_app_servers=6
2026-06-26T02:22:14+03:00 health-fail count=444 pid=none http=200 ms=1 app_servers=6
2026-06-26T02:22:14+03:00 restart-deferred reason=health-failures:444:http-200 active_app_servers=6
2026-06-26T02:24:34+03:00 health-fail count=445 pid=none http=200 ms=1 app_servers=6
2026-06-26T02:24:34+03:00 restart-deferred reason=health-failures:445:http-200 active_app_servers=6
2026-06-26T02:26:54+03:00 health-fail count=446 pid=none http=200 ms=1 app_servers=6
2026-06-26T02:26:54+03:00 restart-deferred reason=health-failures:446:http-200 active_app_servers=6
2026-06-26T02:29:14+03:00 health-fail count=447 pid=none http=200 ms=1 app_servers=6
2026-06-26T02:29:14+03:00 restart-deferred reason=health-failures:447:http-200 active_app_servers=6
2026-06-26T02:31:29+03:00 health-fail count=448 pid=none http=200 ms=3 app_servers=6
2026-06-26T02:31:29+03:00 restart-deferred reason=health-failures:448:http-200 active_app_servers=6
2026-06-26T02:33:44+03:00 health-fail count=449 pid=none http=200 ms=1 app_servers=6
2026-06-26T02:33:44+03:00 restart-deferred reason=health-failures:449:http-200 active_app_servers=6
2026-06-26T02:35:55+03:00 health-fail count=450 pid=none http=200 ms=1 app_servers=8
2026-06-26T02:35:55+03:00 restart-deferred reason=health-failures:450:http-200 active_app_servers=8
2026-06-26T02:38:06+03:00 health-fail count=451 pid=none http=200 ms=2 app_servers=8
2026-06-26T02:38:06+03:00 restart-deferred reason=health-failures:451:http-200 active_app_servers=8
2026-06-26T02:40:24+03:00 health-fail count=452 pid=none http=200 ms=2 app_servers=8
2026-06-26T02:40:24+03:00 restart-deferred reason=health-failures:452:http-200 active_app_servers=8
2026-06-26T02:42:32+03:00 health-fail count=453 pid=none http=200 ms=1 app_servers=8
2026-06-26T02:42:32+03:00 restart-deferred reason=health-failures:453:http-200 active_app_servers=8
2026-06-26T02:44:44+03:00 health-fail count=454 pid=none http=200 ms=1 app_servers=6
2026-06-26T02:44:44+03:00 restart-deferred reason=health-failures:454:http-200 active_app_servers=6
2026-06-26T02:46:54+03:00 health-fail count=455 pid=none http=200 ms=1 app_servers=6
2026-06-26T02:46:54+03:00 restart-deferred reason=health-failures:455:http-200 active_app_servers=6
2026-06-26T02:49:14+03:00 health-fail count=456 pid=none http=200 ms=1 app_servers=6
2026-06-26T02:49:14+03:00 restart-deferred reason=health-failures:456:http-200 active_app_servers=6
2026-06-26T02:51:34+03:00 health-fail count=457 pid=none http=200 ms=1 app_servers=6
2026-06-26T02:51:34+03:00 restart-deferred reason=health-failures:457:http-200 active_app_servers=6
2026-06-26T02:53:54+03:00 health-fail count=458 pid=none http=200 ms=1 app_servers=6
2026-06-26T02:53:54+03:00 restart-deferred reason=health-failures:458:http-200 active_app_servers=6
2026-06-26T02:56:14+03:00 health-fail count=459 pid=none http=200 ms=1 app_servers=6
2026-06-26T02:56:14+03:00 restart-deferred reason=health-failures:459:http-200 active_app_servers=6
2026-06-26T02:58:34+03:00 health-fail count=460 pid=none http=200 ms=1 app_servers=6
2026-06-26T02:58:34+03:00 restart-deferred reason=health-failures:460:http-200 active_app_servers=6
2026-06-26T03:00:54+03:00 health-fail count=461 pid=none http=200 ms=2 app_servers=6
2026-06-26T03:00:54+03:00 restart-deferred reason=health-failures:461:http-200 active_app_servers=6
2026-06-26T03:03:14+03:00 health-fail count=462 pid=none http=200 ms=1 app_servers=6
2026-06-26T03:03:14+03:00 restart-deferred reason=health-failures:462:http-200 active_app_servers=6
2026-06-26T03:05:34+03:00 health-fail count=463 pid=none http=200 ms=1 app_servers=6
2026-06-26T03:05:34+03:00 restart-deferred reason=health-failures:463:http-200 active_app_servers=6
2026-06-26T03:07:54+03:00 health-fail count=464 pid=none http=200 ms=1 app_servers=6
2026-06-26T03:07:54+03:00 restart-deferred reason=health-failures:464:http-200 active_app_servers=6
2026-06-26T03:10:14+03:00 health-fail count=465 pid=none http=200 ms=1 app_servers=6
2026-06-26T03:10:14+03:00 restart-deferred reason=health-failures:465:http-200 active_app_servers=6
2026-06-26T03:12:34+03:00 health-fail count=466 pid=none http=200 ms=1 app_servers=6
2026-06-26T03:12:34+03:00 restart-deferred reason=health-failures:466:http-200 active_app_servers=6
2026-06-26T03:14:54+03:00 health-fail count=467 pid=none http=200 ms=1 app_servers=6
2026-06-26T03:14:54+03:00 restart-deferred reason=health-failures:467:http-200 active_app_servers=6
2026-06-26T03:17:14+03:00 health-fail count=468 pid=none http=200 ms=1 app_servers=6
2026-06-26T03:17:14+03:00 restart-deferred reason=health-failures:468:http-200 active_app_servers=6
2026-06-26T03:19:34+03:00 health-fail count=469 pid=none http=200 ms=1 app_servers=6
2026-06-26T03:19:34+03:00 restart-deferred reason=health-failures:469:http-200 active_app_servers=6
2026-06-26T03:21:54+03:00 health-fail count=470 pid=none http=200 ms=1 app_servers=6
2026-06-26T03:21:54+03:00 restart-deferred reason=health-failures:470:http-200 active_app_servers=6
2026-06-26T03:24:14+03:00 health-fail count=471 pid=none http=200 ms=4 app_servers=6
2026-06-26T03:24:14+03:00 restart-deferred reason=health-failures:471:http-200 active_app_servers=6
2026-06-26T03:26:34+03:00 health-fail count=472 pid=none http=200 ms=1 app_servers=6
2026-06-26T03:26:34+03:00 restart-deferred reason=health-failures:472:http-200 active_app_servers=6
2026-06-26T03:28:54+03:00 health-fail count=473 pid=none http=200 ms=1 app_servers=6
2026-06-26T03:28:54+03:00 restart-deferred reason=health-failures:473:http-200 active_app_servers=6
2026-06-26T03:31:14+03:00 health-fail count=474 pid=none http=200 ms=1 app_servers=8
2026-06-26T03:31:14+03:00 restart-deferred reason=health-failures:474:http-200 active_app_servers=8
2026-06-26T03:33:34+03:00 health-fail count=475 pid=none http=200 ms=2 app_servers=6
2026-06-26T03:33:34+03:00 restart-deferred reason=health-failures:475:http-200 active_app_servers=6
2026-06-26T03:35:54+03:00 health-fail count=476 pid=none http=200 ms=1 app_servers=6
2026-06-26T03:35:54+03:00 restart-deferred reason=health-failures:476:http-200 active_app_servers=6
2026-06-26T03:38:14+03:00 health-fail count=477 pid=none http=200 ms=1 app_servers=6
2026-06-26T03:38:14+03:00 restart-deferred reason=health-failures:477:http-200 active_app_servers=6
2026-06-26T03:40:34+03:00 health-fail count=478 pid=none http=200 ms=1 app_servers=6
2026-06-26T03:40:34+03:00 restart-deferred reason=health-failures:478:http-200 active_app_servers=6
2026-06-26T03:42:54+03:00 health-fail count=479 pid=none http=200 ms=1 app_servers=6
2026-06-26T03:42:54+03:00 restart-deferred reason=health-failures:479:http-200 active_app_servers=6
2026-06-26T03:45:14+03:00 health-fail count=480 pid=none http=200 ms=1 app_servers=6
2026-06-26T03:45:14+03:00 restart-deferred reason=health-failures:480:http-200 active_app_servers=6
2026-06-26T03:47:34+03:00 health-fail count=481 pid=none http=200 ms=2 app_servers=6
2026-06-26T03:47:34+03:00 restart-deferred reason=health-failures:481:http-200 active_app_servers=6
2026-06-26T03:49:54+03:00 health-fail count=482 pid=none http=200 ms=1 app_servers=6
2026-06-26T03:49:54+03:00 restart-deferred reason=health-failures:482:http-200 active_app_servers=6
2026-06-26T03:52:14+03:00 health-fail count=483 pid=none http=200 ms=1 app_servers=6
2026-06-26T03:52:14+03:00 restart-deferred reason=health-failures:483:http-200 active_app_servers=6
2026-06-26T03:54:34+03:00 health-fail count=484 pid=none http=200 ms=1 app_servers=6
2026-06-26T03:54:34+03:00 restart-deferred reason=health-failures:484:http-200 active_app_servers=6
2026-06-26T03:56:54+03:00 health-fail count=485 pid=none http=200 ms=1 app_servers=6
2026-06-26T03:56:54+03:00 restart-deferred reason=health-failures:485:http-200 active_app_servers=6
2026-06-26T03:59:14+03:00 health-fail count=486 pid=none http=200 ms=1 app_servers=6
2026-06-26T03:59:14+03:00 restart-deferred reason=health-failures:486:http-200 active_app_servers=6
2026-06-26T04:01:34+03:00 health-fail count=487 pid=none http=200 ms=1 app_servers=6
2026-06-26T04:01:34+03:00 restart-deferred reason=health-failures:487:http-200 active_app_servers=6
2026-06-26T04:03:54+03:00 health-fail count=488 pid=none http=200 ms=1 app_servers=6
2026-06-26T04:03:54+03:00 restart-deferred reason=health-failures:488:http-200 active_app_servers=6
2026-06-26T04:06:14+03:00 health-fail count=489 pid=none http=200 ms=1 app_servers=4
2026-06-26T04:06:14+03:00 restart-deferred reason=health-failures:489:http-200 active_app_servers=4
2026-06-26T04:08:34+03:00 health-fail count=490 pid=none http=200 ms=1 app_servers=4
2026-06-26T04:08:34+03:00 restart-deferred reason=health-failures:490:http-200 active_app_servers=4
2026-06-26T04:10:54+03:00 health-fail count=491 pid=none http=200 ms=1 app_servers=4
2026-06-26T04:10:54+03:00 restart-deferred reason=health-failures:491:http-200 active_app_servers=4
2026-06-26T04:13:14+03:00 health-fail count=492 pid=none http=200 ms=1 app_servers=4
2026-06-26T04:13:14+03:00 restart-deferred reason=health-failures:492:http-200 active_app_servers=4
2026-06-26T04:15:34+03:00 health-fail count=493 pid=none http=200 ms=3 app_servers=4
2026-06-26T04:15:34+03:00 restart-deferred reason=health-failures:493:http-200 active_app_servers=4
2026-06-26T04:17:54+03:00 health-fail count=494 pid=none http=200 ms=1 app_servers=4
2026-06-26T04:17:54+03:00 restart-deferred reason=health-failures:494:http-200 active_app_servers=4
2026-06-26T04:20:14+03:00 health-fail count=495 pid=none http=200 ms=1 app_servers=4
2026-06-26T04:20:14+03:00 restart-deferred reason=health-failures:495:http-200 active_app_servers=4
2026-06-26T04:22:34+03:00 health-fail count=496 pid=none http=200 ms=1 app_servers=4
2026-06-26T04:22:34+03:00 restart-deferred reason=health-failures:496:http-200 active_app_servers=4
2026-06-26T04:24:54+03:00 health-fail count=497 pid=none http=200 ms=1 app_servers=4
2026-06-26T04:24:54+03:00 restart-deferred reason=health-failures:497:http-200 active_app_servers=4
2026-06-26T04:27:14+03:00 health-fail count=498 pid=none http=200 ms=1 app_servers=4
2026-06-26T04:27:14+03:00 restart-deferred reason=health-failures:498:http-200 active_app_servers=4
2026-06-26T04:29:34+03:00 health-fail count=499 pid=none http=200 ms=1 app_servers=4
2026-06-26T04:29:34+03:00 restart-deferred reason=health-failures:499:http-200 active_app_servers=4
2026-06-26T04:31:54+03:00 health-fail count=500 pid=none http=200 ms=1 app_servers=4
2026-06-26T04:31:54+03:00 restart-deferred reason=health-failures:500:http-200 active_app_servers=4
2026-06-26T04:34:14+03:00 health-fail count=501 pid=none http=200 ms=1 app_servers=4
2026-06-26T04:34:14+03:00 restart-deferred reason=health-failures:501:http-200 active_app_servers=4
2026-06-26T04:36:34+03:00 health-fail count=502 pid=none http=200 ms=1 app_servers=4
2026-06-26T04:36:34+03:00 restart-deferred reason=health-failures:502:http-200 active_app_servers=4
2026-06-26T04:38:54+03:00 health-fail count=503 pid=none http=200 ms=1 app_servers=4
2026-06-26T04:38:54+03:00 restart-deferred reason=health-failures:503:http-200 active_app_servers=4
2026-06-26T04:41:14+03:00 health-fail count=504 pid=none http=200 ms=1 app_servers=4
2026-06-26T04:41:14+03:00 restart-deferred reason=health-failures:504:http-200 active_app_servers=4
2026-06-26T04:43:34+03:00 health-fail count=505 pid=none http=200 ms=1 app_servers=4
2026-06-26T04:43:34+03:00 restart-deferred reason=health-failures:505:http-200 active_app_servers=4
2026-06-26T04:45:54+03:00 health-fail count=506 pid=none http=200 ms=2 app_servers=4
2026-06-26T04:45:54+03:00 restart-deferred reason=health-failures:506:http-200 active_app_servers=4
2026-06-26T04:48:14+03:00 health-fail count=507 pid=none http=200 ms=1 app_servers=4
2026-06-26T04:48:14+03:00 restart-deferred reason=health-failures:507:http-200 active_app_servers=4
2026-06-26T04:50:34+03:00 health-fail count=508 pid=none http=200 ms=1 app_servers=4
2026-06-26T04:50:34+03:00 restart-deferred reason=health-failures:508:http-200 active_app_servers=4
2026-06-26T04:52:54+03:00 health-fail count=509 pid=none http=200 ms=1 app_servers=4
2026-06-26T04:52:54+03:00 restart-deferred reason=health-failures:509:http-200 active_app_servers=4
2026-06-26T04:55:06+03:00 health-fail count=510 pid=none http=200 ms=1 app_servers=6
2026-06-26T04:55:06+03:00 restart-deferred reason=health-failures:510:http-200 active_app_servers=6
2026-06-26T04:57:24+03:00 health-fail count=511 pid=none http=200 ms=1 app_servers=4
2026-06-26T04:57:24+03:00 restart-deferred reason=health-failures:511:http-200 active_app_servers=4
2026-06-26T04:59:44+03:00 health-fail count=512 pid=none http=200 ms=2 app_servers=4
2026-06-26T04:59:44+03:00 restart-deferred reason=health-failures:512:http-200 active_app_servers=4
2026-06-26T05:01:54+03:00 health-fail count=513 pid=none http=200 ms=1 app_servers=4
2026-06-26T05:01:54+03:00 restart-deferred reason=health-failures:513:http-200 active_app_servers=4
2026-06-26T05:04:14+03:00 health-fail count=514 pid=none http=200 ms=1 app_servers=4
2026-06-26T05:04:14+03:00 restart-deferred reason=health-failures:514:http-200 active_app_servers=4
2026-06-26T05:06:34+03:00 health-fail count=515 pid=none http=200 ms=1 app_servers=4
2026-06-26T05:06:34+03:00 restart-deferred reason=health-failures:515:http-200 active_app_servers=4
2026-06-26T05:08:54+03:00 health-fail count=516 pid=none http=200 ms=1 app_servers=4
2026-06-26T05:08:54+03:00 restart-deferred reason=health-failures:516:http-200 active_app_servers=4
2026-06-26T05:11:14+03:00 health-fail count=517 pid=none http=200 ms=1 app_servers=4
2026-06-26T05:11:14+03:00 restart-deferred reason=health-failures:517:http-200 active_app_servers=4
2026-06-26T05:13:34+03:00 health-fail count=518 pid=none http=200 ms=1 app_servers=4
2026-06-26T05:13:34+03:00 restart-deferred reason=health-failures:518:http-200 active_app_servers=4
2026-06-26T05:15:54+03:00 health-fail count=519 pid=none http=200 ms=1 app_servers=4
2026-06-26T05:15:54+03:00 restart-deferred reason=health-failures:519:http-200 active_app_servers=4
2026-06-26T05:18:14+03:00 health-fail count=520 pid=none http=200 ms=1 app_servers=4
2026-06-26T05:18:14+03:00 restart-deferred reason=health-failures:520:http-200 active_app_servers=4
2026-06-26T05:20:34+03:00 health-fail count=521 pid=none http=200 ms=1 app_servers=4
2026-06-26T05:20:34+03:00 restart-deferred reason=health-failures:521:http-200 active_app_servers=4
2026-06-26T05:22:54+03:00 health-fail count=522 pid=none http=200 ms=1 app_servers=4
2026-06-26T05:22:54+03:00 restart-deferred reason=health-failures:522:http-200 active_app_servers=4
2026-06-26T05:25:14+03:00 health-fail count=523 pid=none http=200 ms=1 app_servers=4
2026-06-26T05:25:14+03:00 restart-deferred reason=health-failures:523:http-200 active_app_servers=4
2026-06-26T05:27:34+03:00 health-fail count=524 pid=none http=200 ms=1 app_servers=4
2026-06-26T05:27:34+03:00 restart-deferred reason=health-failures:524:http-200 active_app_servers=4
2026-06-26T05:29:54+03:00 health-fail count=525 pid=none http=200 ms=1 app_servers=4
2026-06-26T05:29:54+03:00 restart-deferred reason=health-failures:525:http-200 active_app_servers=4
2026-06-26T05:32:14+03:00 health-fail count=526 pid=none http=200 ms=1 app_servers=4
2026-06-26T05:32:14+03:00 restart-deferred reason=health-failures:526:http-200 active_app_servers=4
2026-06-26T05:34:20+03:00 health-fail count=527 pid=none http=200 ms=3 app_servers=6
2026-06-26T05:34:20+03:00 restart-deferred reason=health-failures:527:http-200 active_app_servers=6
2026-06-26T05:36:34+03:00 health-fail count=528 pid=none http=200 ms=1 app_servers=6
2026-06-26T05:36:34+03:00 restart-deferred reason=health-failures:528:http-200 active_app_servers=6
2026-06-26T05:38:54+03:00 health-fail count=529 pid=none http=200 ms=1 app_servers=6
2026-06-26T05:38:54+03:00 restart-deferred reason=health-failures:529:http-200 active_app_servers=6
2026-06-26T05:41:14+03:00 health-fail count=530 pid=none http=200 ms=1 app_servers=6
2026-06-26T05:41:14+03:00 restart-deferred reason=health-failures:530:http-200 active_app_servers=6
2026-06-26T05:43:34+03:00 health-fail count=531 pid=none http=200 ms=1 app_servers=6
2026-06-26T05:43:34+03:00 restart-deferred reason=health-failures:531:http-200 active_app_servers=6
2026-06-26T05:45:54+03:00 health-fail count=532 pid=none http=200 ms=3 app_servers=6
2026-06-26T05:45:54+03:00 restart-deferred reason=health-failures:532:http-200 active_app_servers=6
2026-06-26T05:48:14+03:00 health-fail count=533 pid=none http=200 ms=1 app_servers=6
2026-06-26T05:48:14+03:00 restart-deferred reason=health-failures:533:http-200 active_app_servers=6
2026-06-26T05:50:34+03:00 health-fail count=534 pid=none http=200 ms=1 app_servers=6
2026-06-26T05:50:34+03:00 restart-deferred reason=health-failures:534:http-200 active_app_servers=6
2026-06-26T05:52:54+03:00 health-fail count=535 pid=none http=200 ms=1 app_servers=6
2026-06-26T05:52:54+03:00 restart-deferred reason=health-failures:535:http-200 active_app_servers=6
2026-06-26T05:55:14+03:00 health-fail count=536 pid=none http=200 ms=1 app_servers=6
2026-06-26T05:55:14+03:00 restart-deferred reason=health-failures:536:http-200 active_app_servers=6
2026-06-26T05:57:34+03:00 health-fail count=537 pid=none http=200 ms=1 app_servers=6
2026-06-26T05:57:34+03:00 restart-deferred reason=health-failures:537:http-200 active_app_servers=6
2026-06-26T05:59:54+03:00 health-fail count=538 pid=none http=200 ms=1 app_servers=6
2026-06-26T05:59:54+03:00 restart-deferred reason=health-failures:538:http-200 active_app_servers=6
2026-06-26T06:02:14+03:00 health-fail count=539 pid=none http=200 ms=1 app_servers=6
2026-06-26T06:02:14+03:00 restart-deferred reason=health-failures:539:http-200 active_app_servers=6
2026-06-26T06:04:34+03:00 health-fail count=540 pid=none http=200 ms=1 app_servers=8
2026-06-26T06:04:34+03:00 restart-deferred reason=health-failures:540:http-200 active_app_servers=8
2026-06-26T06:06:54+03:00 health-fail count=541 pid=none http=200 ms=1 app_servers=8
2026-06-26T06:06:54+03:00 restart-deferred reason=health-failures:541:http-200 active_app_servers=8
2026-06-26T06:09:14+03:00 health-fail count=542 pid=none http=200 ms=1 app_servers=8
2026-06-26T06:09:14+03:00 restart-deferred reason=health-failures:542:http-200 active_app_servers=8
2026-06-26T06:11:34+03:00 health-fail count=543 pid=none http=200 ms=1 app_servers=8
2026-06-26T06:11:34+03:00 restart-deferred reason=health-failures:543:http-200 active_app_servers=8
2026-06-26T06:13:54+03:00 health-fail count=544 pid=none http=200 ms=1 app_servers=8
2026-06-26T06:13:54+03:00 restart-deferred reason=health-failures:544:http-200 active_app_servers=8
2026-06-26T06:16:14+03:00 health-fail count=545 pid=none http=200 ms=1 app_servers=8
2026-06-26T06:16:14+03:00 restart-deferred reason=health-failures:545:http-200 active_app_servers=8
2026-06-26T06:18:34+03:00 health-fail count=546 pid=none http=200 ms=1 app_servers=8
2026-06-26T06:18:34+03:00 restart-deferred reason=health-failures:546:http-200 active_app_servers=8
2026-06-26T06:20:54+03:00 health-fail count=547 pid=none http=200 ms=1 app_servers=8
2026-06-26T06:20:54+03:00 restart-deferred reason=health-failures:547:http-200 active_app_servers=8
2026-06-26T06:23:14+03:00 health-fail count=548 pid=none http=200 ms=1 app_servers=8
2026-06-26T06:23:14+03:00 restart-deferred reason=health-failures:548:http-200 active_app_servers=8
2026-06-26T06:25:34+03:00 health-fail count=549 pid=none http=200 ms=1 app_servers=8
2026-06-26T06:25:34+03:00 restart-deferred reason=health-failures:549:http-200 active_app_servers=8
2026-06-26T06:27:54+03:00 health-fail count=550 pid=none http=200 ms=1 app_servers=8
2026-06-26T06:27:54+03:00 restart-deferred reason=health-failures:550:http-200 active_app_servers=8
2026-06-26T06:30:15+03:00 health-fail count=551 pid=none http=200 ms=3 app_servers=8
2026-06-26T06:30:15+03:00 restart-deferred reason=health-failures:551:http-200 active_app_servers=8
2026-06-26T06:32:34+03:00 health-fail count=552 pid=none http=200 ms=1 app_servers=8
2026-06-26T06:32:34+03:00 restart-deferred reason=health-failures:552:http-200 active_app_servers=8
2026-06-26T06:34:54+03:00 health-fail count=553 pid=none http=200 ms=1 app_servers=8
2026-06-26T06:34:54+03:00 restart-deferred reason=health-failures:553:http-200 active_app_servers=8
2026-06-26T06:37:14+03:00 health-fail count=554 pid=none http=200 ms=1 app_servers=8
2026-06-26T06:37:14+03:00 restart-deferred reason=health-failures:554:http-200 active_app_servers=8
2026-06-26T06:39:34+03:00 health-fail count=555 pid=none http=200 ms=1 app_servers=8
2026-06-26T06:39:34+03:00 restart-deferred reason=health-failures:555:http-200 active_app_servers=8
2026-06-26T06:41:54+03:00 health-fail count=556 pid=none http=200 ms=1 app_servers=8
2026-06-26T06:41:54+03:00 restart-deferred reason=health-failures:556:http-200 active_app_servers=8
2026-06-26T06:44:15+03:00 health-fail count=557 pid=none http=200 ms=174 app_servers=8
2026-06-26T06:44:15+03:00 restart-deferred reason=health-failures:557:http-200 active_app_servers=8
2026-06-26T06:46:34+03:00 health-fail count=558 pid=none http=200 ms=2 app_servers=8
2026-06-26T06:46:34+03:00 restart-deferred reason=health-failures:558:http-200 active_app_servers=8
2026-06-26T06:48:54+03:00 health-fail count=559 pid=none http=200 ms=1 app_servers=8
2026-06-26T06:48:54+03:00 restart-deferred reason=health-failures:559:http-200 active_app_servers=8
2026-06-26T06:51:14+03:00 health-fail count=560 pid=none http=200 ms=1 app_servers=8
2026-06-26T06:51:14+03:00 restart-deferred reason=health-failures:560:http-200 active_app_servers=8
2026-06-26T06:53:34+03:00 health-fail count=561 pid=none http=200 ms=1 app_servers=8
2026-06-26T06:53:34+03:00 restart-deferred reason=health-failures:561:http-200 active_app_servers=8
2026-06-26T06:55:54+03:00 health-fail count=562 pid=none http=200 ms=1 app_servers=10
2026-06-26T06:55:54+03:00 restart-deferred reason=health-failures:562:http-200 active_app_servers=10
2026-06-26T06:58:14+03:00 health-fail count=563 pid=none http=200 ms=1 app_servers=8
2026-06-26T06:58:14+03:00 restart-deferred reason=health-failures:563:http-200 active_app_servers=8
2026-06-26T07:00:23+03:00 health-fail count=564 pid=none http=200 ms=3 app_servers=10
2026-06-26T07:00:23+03:00 restart-deferred reason=health-failures:564:http-200 active_app_servers=10
